user_id,username,full_name,birthday,phone,email
2022620092,trungxuanbui61,Trung Xuân Bùi,28/03/1991,0952802362,ynnkz611@vnn.vn
2022670596,baoduong33,Bảo Dương,07/11/2000,0966910252,jwldl230@vnn.vn
2022652753,anmai26,An Mai,17/06/2002,0972967639,anmai257@outlook.com
2022681791,chichiđang64,Chị Chi Đặng,07/07/1998,0948629752,langtu199@yahoo.com
2022670467,bacquanghoang53,Bác Quang Hoàng,03/05/2008,0931798211,phongba776@vnn.vn
2022627378,minhhuuvu52,Minh Hữu Vũ,01/06/1988,0924500912,minhh866@gmail.com
2022664410,lanvu77,Lan Vũ,05/03/1989,0953017227,tjtgx445@outlook.com
2022610915,thanhpham46,Thành Phạm,12/05/1986,0986770679,shadow783@vnn.vn
2022605900,chihaiduong89,Chị Hải Dương,25/03/1990,0945281124,chih714@gmail.com
2022674276,chilantran54,Chị Lan Trần,27/03/2007,0943637756,chilant168@vnn.vn
2022692763,bacthanhduong50,Bác Thành Dương,08/08/2000,0993455060,baby867@outlook.com
2022629573,trongvanđang95,Trọng Văn Đặng,16/10/2005,0932739264,trongv122@yahoo.com
2022620432,dungbui10,Dũng Bùi,08/06/2004,0970007461,dungbui295@outlook.com
2022660760,hoangmai33,Hoàng Mai,17/06/1993,0935015793,zcjcy111@outlook.com
2022637781,cohuongđang38,Cô Hương Đặng,27/02/2003,0917075416,cohu286@vnn.vn
2022685099,trongđang64,Trọng Đặng,20/06/2005,0998105685,tron728@vnn.vn
2022659298,bathanhle67,Bà Thành Lê,28/11/1993,0971556319,bath42@yahoo.com
2022648707,quycolammai66,Quý cô Lâm Mai,01/04/1988,0960323807,hacker702@vnn.vn
2022658259,comaimai97,Cô Mai Mai,21/03/2004,0941635175,abcxyz726@vnn.vn
2022629377,hoangquanghoang49,Hoàng Quang Hoàng,28/02/1995,0985795959,hoangqu287@outlook.com
2022617229,anhquangtran91,Anh Quang Trần,07/10/1988,0977106828,tqvrv207@outlook.com
2022650774,anhtronghoang72,Anh Trọng Hoàng,22/03/2001,0929709586,ufchq357@gmail.com
2022620728,thanhle22,Thành Lê,06/06/1986,0924120091,thanhle353@yahoo.com
2022617953,hanhbui55,Hạnh Bùi,12/05/1995,0954480943,abcxyz852@gmail.com
2022631290,nhienvu31,Nhiên Vũ,24/02/1990,0999627427,boy783@yahoo.com
2022649337,colannguyen33,Cô Lan Nguyễn,16/01/1990,0973635968,colanng279@yahoo.com
2022661090,quycohavu63,Quý cô Hà Vũ,01/03/1999,0961890853,quycoha71@outlook.com
2022652678,nhatvu40,Nhật Vũ,03/02/1985,0985000431,nhat684@vnn.vn
2022623763,quyongtunghoang59,Quý ông Tùng Hoàng,11/09/1997,0930536866,quyo567@gmail.com
2022657563,namxuanhoang63,Nam Xuân Hoàng,09/07/2008,0986421346,xvfdu126@yahoo.com
2022618569,haihoangduong71,Hải Hoàng Dương,13/01/2008,0960037720,haihoan231@vnn.vn
2022655660,anquanghoang53,An Quang Hoàng,13/08/2000,0967891983,anqu171@gmail.com
2022666621,quycokimtran38,Quý cô Kim Trần,15/07/2006,0977981439,baby637@gmail.com
2022618243,lanpham19,Lan Phạm,10/11/1991,0966278149,pro627@vnn.vn
2022661305,nhathaimai37,Nhật Hải Mai,13/05/1990,0971670061,rtmrc578@outlook.com
2022603691,anhtran40,Anh Trần,11/10/1992,0918577801,tnxew953@vnn.vn
2022673671,balinhmai60,Bà Linh Mai,19/01/1994,0997346981,bali873@gmail.com
2022608211,ongkhoahoang16,Ông Khoa Hoàng,11/10/1999,0920962542,ongkho144@yahoo.com
2022625153,chihale66,Chị Hà Lê,03/12/1993,0984609843,chihale155@vnn.vn
2022616373,quyongdungbui81,Quý ông Dũng Bùi,25/03/2001,0979688599,quyo800@yahoo.com
2022681726,quycochipham11,Quý cô Chi Phạm,19/03/2007,0923263855,pro877@outlook.com
2022698906,anhminhnguyen30,Anh Minh Nguyễn,25/05/1991,0977107544,nmogd866@yahoo.com
2022697389,chiduyenđang32,Chị Duyên Đặng,18/09/1987,0929331332,hacker304@gmail.com
2022675628,huongmai41,Hương Mai,01/04/1986,0916719453,tvawb328@vnn.vn
2022613275,onghoangmai92,Ông Hoàng Mai,21/03/1996,0950250560,dbxae173@vnn.vn
2022694852,thanhtritran16,Thành Trí Trần,21/12/2006,0958336711,phongba590@vnn.vn
2022619398,anquangpham23,An Quang Phạm,08/07/2005,0929556684,anquang579@vnn.vn
2022690096,quyonghuynguyen91,Quý ông Huy Nguyễn,21/11/1999,0958617034,quyon645@gmail.com
2022621919,comaihoang87,Cô Mai Hoàng,02/11/2005,0956497141,comai741@vnn.vn
2022607739,quycobaobui98,Quý cô Bảo Bùi,12/05/1989,0947955996,cgjvu606@yahoo.com
2022652723,phuonghoangđang73,Phương Hoàng Đặng,06/02/2007,0933591964,phuongh600@yahoo.com
2022621176,cohale43,Cô Hà Lê,23/05/1992,0943567991,migep976@vnn.vn
2022654003,onghoangtran44,Ông Hoàng Trần,22/03/1997,0937021206,abcxyz446@vnn.vn
2022604405,ongtrunghoang91,Ông Trung Hoàng,16/03/1990,0923585104,sefeu682@yahoo.com
2022658795,bathanhmai84,Bà Thành Mai,24/08/2006,0968086858,bath856@gmail.com
2022670839,haixuannguyen92,Hải Xuân Nguyễn,23/01/1992,0925546501,kute455@gmail.com
2022632921,quyonghoangtran69,Quý ông Hoàng Trần,04/10/1989,0975539255,phongba331@outlook.com
2022692458,ongtrungđang35,Ông Trung Đặng,09/10/1989,0953538077,lshpr371@vnn.vn
2022681878,nhathoang59,Nhật Hoàng,19/04/1994,0957151822,shgjw821@gmail.com
2022667460,anhvu24,Anh Vũ,18/01/2000,0944447299,anhvu375@vnn.vn
2022689963,bavibui53,Bà Vi Bùi,16/09/1993,0974957749,mdvlx683@gmail.com
2022618969,yenhoang95,Yến Hoàng,16/05/1998,0916468262,pro46@gmail.com
2022614834,baxuanpham31,Bà Xuân Phạm,20/12/2008,0911756275,langtu307@outlook.com
2022663357,vanduong84,Vân Dương,27/07/1990,0916440553,kute219@vnn.vn
2022658295,hungtran35,Hưng Trần,05/01/2002,0983568420,lhnzs924@vnn.vn
2022697276,bachipham69,Bà Chi Phạm,19/06/2006,0960928028,knight656@outlook.com
2022636962,chiduongđang25,Chị Dương Đặng,18/10/1987,0929055334,pfyrg629@vnn.vn
2022625611,hungduong10,Hưng Dương,26/10/1992,0912365245,lkvil385@vnn.vn
2022634333,anhthanhđang96,Anh Thành Đặng,06/12/1997,0911487095,anhtha499@outlook.com
2022667388,nhathoangduong67,Nhật Hoàng Dương,08/09/1999,0993935419,mvxzd936@yahoo.com
2022604058,anquangtran90,An Quang Trần,26/11/1994,0969400271,anqu665@vnn.vn
2022666273,baobui17,Bảo Bùi,06/02/1989,0975476000,kute870@outlook.com
2022686731,chibaonguyen19,Chị Bảo Nguyễn,14/03/2006,0935146890,dfjji602@vnn.vn
2022605215,nhatđuctran88,Nhật Đức Trần,25/08/2006,0929258119,eixkm621@vnn.vn
2022633923,khoađang69,Khoa Đặng,19/06/1994,0931905528,shadow465@gmail.com
2022692638,dungmai91,Dũng Mai,12/11/1998,0987715159,baby771@vnn.vn
2022670626,conhatduong84,Cô Nhật Dương,09/04/1988,0983247880,mxzey464@gmail.com
2022645691,colanpham65,Cô Lan Phạm,06/12/2006,0937193480,kute224@outlook.com
2022614553,haihoang89,Hải Hoàng,15/11/1997,0986932994,phongba453@vnn.vn
2022663839,kimbaotran93,Kim Bảo Trần,04/06/2001,0915982172,abcxyz920@yahoo.com
2022654172,quyongtrunghoang84,Quý ông Trung Hoàng,04/01/2003,0996358929,vnixd267@outlook.com
2022632252,cophuongle65,Cô Phương Lê,12/11/2002,0987212698,shadow180@gmail.com
2022616276,duyenle55,Duyên Lê,02/05/1999,0991746898,duyen96@vnn.vn
2022655392,bathaotran23,Bà Thảo Trần,23/08/1985,0948775166,bath322@yahoo.com
2022602256,conhathoang74,Cô Nhật Hoàng,24/12/1994,0922792542,hvcmt992@yahoo.com
2022609274,nhatxuanđang34,Nhật Xuân Đặng,11/09/1985,0973071233,nhatxu301@vnn.vn
2022653651,chiduyennguyen41,Chị Duyên Nguyễn,28/04/1999,0934618331,chiduye244@gmail.com
2022691037,bahabui58,Bà Hà Bùi,02/10/1992,0969869618,xtjgf709@yahoo.com
2022677964,baomaibaobui31,Bảo Mai Bảo Bùi,09/06/2006,0912252779,baom436@gmail.com
2022611681,quycomaipham21,Quý cô Mai Phạm,22/03/1997,0998193676,vgtvj475@vnn.vn
2022694118,hanhhuule59,Hạnh Hữu Lê,24/03/2000,0918062147,phongba954@vnn.vn
2022619516,nhatthemai17,Nhật Thế Mai,27/09/1990,0935593208,nhatth563@gmail.com
2022666136,baoquangtran47,Bảo Quang Trần,11/04/1997,0965435575,utxum851@yahoo.com
2022613698,nhathaiđang50,Nhật Hải Đặng,28/01/1999,0913590559,nhat443@yahoo.com
2022667689,onghoanghoang62,Ông Hoàng Hoàng,14/12/1991,0933003322,knight331@yahoo.com
2022606948,nhattanđang93,Nhật Tấn Đặng,01/07/1995,0915971529,bcopa131@yahoo.com
2022614089,chihahoang42,Chị Hà Hoàng,01/04/2007,0938039805,jaefp984@outlook.com
2022675482,huybaobui47,Huy Bảo Bùi,05/04/1994,0957911495,knight312@gmail.com
2022630282,cobaohoang12,Cô Bảo Hoàng,23/12/1991,0915231189,langtu591@yahoo.com
2022687142,khoabaobui39,Khoa Bảo Bùi,06/08/2006,0942583563,khoab890@outlook.com
2022692858,tuhaihoang74,Tú Hải Hoàng,13/06/1999,0940579071,knight223@vnn.vn
2022600780,trongđang29,Trọng Đặng,04/06/1987,0951703098,shadow393@outlook.com
2022661753,thanhhoang15,Thành Hoàng,07/07/2004,0987754254,vgycy907@outlook.com
2022682776,quycophuongtran46,Quý cô Phương Trần,12/05/2003,0937945460,quycoph840@vnn.vn
2022610031,huongle41,Hương Lê,14/11/1985,0998053087,huon619@vnn.vn
2022601816,dungquangtran99,Dũng Quang Trần,04/05/2003,0922898132,dungqu568@yahoo.com
2022697744,quycothanhle94,Quý cô Thành Lê,20/03/1989,0997011584,shadow412@gmail.com
2022671792,haixuanđang69,Hải Xuân Đặng,02/06/1986,0968612065,phongba162@yahoo.com
2022667829,chikhoabui21,Chị Khoa Bùi,07/07/1990,0979824871,baby811@vnn.vn
2022600193,bahaibui36,Bà Hải Bùi,19/06/2007,0989914128,swzbr261@vnn.vn
2022678859,tungle54,Tùng Lê,07/02/1986,0983775385,tungl508@yahoo.com
2022620591,nhatquanghoang79,Nhật Quang Hoàng,05/03/2001,0923666493,occmd670@vnn.vn
2022679335,haihoang56,Hải Hoàng,28/11/2001,0943213376,haiho947@gmail.com
2022686816,nhatđang99,Nhật Đặng,15/08/1989,0953259941,phongba754@outlook.com
2022645850,chauhoangnguyen83,Châu Hoàng Nguyễn,25/12/1998,0924439970,chau760@outlook.com
2022608977,maitran44,Mai Trần,11/03/1996,0954804186,langtu907@gmail.com
2022641271,hathehoang23,Hà Thế Hoàng,13/04/1988,0911890998,hacker895@gmail.com
2022645906,trongtran21,Trọng Trần,22/04/1999,0954498863,zklbe536@vnn.vn
2022617271,xuantran46,Xuân Trần,27/07/1990,0987441761,zdqpe717@gmail.com
2022670769,khoale39,Khoa Lê,09/01/1993,0981679455,oddww655@gmail.com
2022638350,vanmai62,Vân Mai,26/02/1996,0917005897,shadow109@gmail.com
2022625338,quycophuongle90,Quý cô Phương Lê,15/02/1990,0979400829,baby42@outlook.com
2022674929,hanhhuule11,Hạnh Hữu Lê,13/11/1987,0974575965,langtu403@yahoo.com
2022691716,thanhmai42,Thành Mai,13/12/1987,0985719679,csrgn776@outlook.com
2022623601,quyongchauduong79,Quý ông Châu Dương,28/12/1993,0910213750,phongba353@outlook.com
2022688191,dungvu19,Dũng Vũ,17/08/2006,0996629342,lynpq127@outlook.com
2022634668,onganhđang85,Ông Anh Đặng,13/05/1998,0923136620,knight415@yahoo.com
2022603022,quycolinhhoang32,Quý cô Linh Hoàng,02/03/2003,0930954835,oryua271@yahoo.com
2022616393,huongnguyen51,Hương Nguyễn,18/11/1998,0942107540,abcxyz45@outlook.com
2022632884,hungmaibaonguyen97,Hưng Mai Bảo Nguyễn,27/09/1999,0972439662,hungma473@yahoo.com
2022695213,xuanđang79,Xuân Đặng,23/01/1999,0994421191,xuan524@outlook.com
2022625639,hoanghainguyen23,Hoàng Hải Nguyễn,09/07/2006,0915919298,baby52@outlook.com
2022627190,quyongnamhoang14,Quý ông Nam Hoàng,25/01/1993,0912757067,quyon648@yahoo.com
2022618092,baomaimai34,Bảo Mai Mai,27/09/2003,0912035472,abcxyz746@gmail.com
2022634706,dunghaitran41,Dũng Hải Trần,20/10/1994,0954119806,mgody138@vnn.vn
2022663380,chiphuongmai58,Chị Phương Mai,18/08/2008,0928382422,sqydg116@outlook.com
2022651266,hatrivu64,Hà Trí Vũ,26/12/1988,0942184855,hatriv183@vnn.vn
2022601137,phucduong80,Phúc Dương,23/02/2006,0954334532,zuvig619@outlook.com
2022644291,ongdungpham67,Ông Dũng Phạm,13/06/1992,0928522234,ongdung108@gmail.com
2022632327,bachoangnguyen77,Bác Hoàng Nguyễn,15/01/1986,0955420480,eglxp642@gmail.com
2022606242,tungmaitran92,Tùng Mai Trần,16/12/1999,0989373900,hacker583@gmail.com
2022637972,huypham37,Huy Phạm,21/05/1991,0947172903,huyp214@vnn.vn
2022601213,baotriduong20,Bảo Trí Dương,17/07/1987,0915695306,baotr306@gmail.com
2022673078,quycothaobui47,Quý cô Thảo Bùi,03/12/1988,0912531460,boy116@yahoo.com
2022690237,quyongnhienle97,Quý ông Nhiên Lê,14/03/2007,0920036386,abcxyz205@vnn.vn
2022648032,cohanhduong61,Cô Hạnh Dương,12/03/2000,0960403713,abcxyz110@outlook.com
2022627638,nhatbaođang93,Nhật Bảo Đặng,09/07/1990,0984735223,nhatba101@outlook.com
2022650447,nhattriđang45,Nhật Trí Đặng,21/08/1992,0946503672,mkywm945@vnn.vn
2022659873,quycongocvu12,Quý cô Ngọc Vũ,24/12/1998,0941463744,quycon303@yahoo.com
2022677004,anhpham89,Anh Phạm,26/01/2002,0939149128,langtu91@vnn.vn
2022697375,quycoduongđang92,Quý cô Dương Đặng,12/10/2006,0950762978,kute481@outlook.com
2022631356,baothebui33,Bảo Thế Bùi,02/02/1996,0918885842,danwf261@vnn.vn
2022633496,hunghoangpham52,Hưng Hoàng Phạm,20/08/1997,0959663296,baby126@vnn.vn
2022691900,cobaole35,Cô Bảo Lê,11/12/1993,0918283497,cobao238@yahoo.com
2022699294,chiduyennguyen89,Chị Duyên Nguyễn,14/12/1995,0916355671,jywjs879@yahoo.com
2022674673,hanhthimai28,Hạnh Thị Mai,16/11/1999,0911264812,hanhth620@gmail.com
2022616660,lamvanle79,Lâm Văn Lê,20/01/2002,0938798884,wcclg350@vnn.vn
2022652837,kimđucle16,Kim Đức Lê,05/11/1986,0945348354,phongba99@vnn.vn
2022678058,chithaole42,Chị Thảo Lê,16/01/1991,0913654096,baby129@gmail.com
2022631001,chiyennguyen17,Chị Yến Nguyễn,26/02/2008,0941359442,baby112@outlook.com
2022622626,duongđang74,Dương Đặng,03/05/2007,0994608665,wrupj380@vnn.vn
2022626315,comainguyen63,Cô Mai Nguyễn,10/11/1995,0912519728,abcxyz685@outlook.com
2022699920,hamaibaomai62,Hà Mai Bảo Mai,16/09/1987,0990999201,opsfo499@outlook.com
2022664064,hanhhoang59,Hạnh Hoàng,08/10/1998,0963057446,phongba778@outlook.com
2022616660,anhnguyen69,Anh Nguyễn,12/06/1986,0970176720,ufxex489@yahoo.com
2022636466,anhđang90,Ánh Đặng,26/02/1999,0985132315,pro296@vnn.vn
2022618118,maiđang79,Mai Đặng,04/07/2000,0921067494,maiđa755@vnn.vn
2022644923,anhvutran10,Anh Vũ Trần,09/03/2004,0946749709,anhvutr429@gmail.com
2022609336,quycoyenbui50,Quý cô Yến Bùi,15/07/1985,0920484905,phongba79@yahoo.com
2022637621,namhoang71,Nam Hoàng,23/01/2007,0917677515,namh229@outlook.com
2022652516,phuongquangmai71,Phương Quang Mai,17/11/1989,0981715484,gjbxn588@yahoo.com
2022656790,hanhquangvu45,Hạnh Quang Vũ,14/11/1993,0987899582,hanhq830@gmail.com
2022652983,nhathoangđang50,Nhật Hoàng Đặng,22/01/2000,0973084798,ukksu616@vnn.vn
2022622911,trongtran53,Trọng Trần,06/11/2006,0921661859,trongt75@yahoo.com
2022639349,babaobui96,Bà Bảo Bùi,02/01/1989,0980049144,qleud747@vnn.vn
2022630046,linhđang19,Linh Đặng,13/08/1998,0976898431,hacker71@outlook.com
2022606656,chilamtran53,Chị Lâm Trần,19/01/1991,0998258566,boy785@gmail.com
2022652209,nhatđucvu16,Nhật Đức Vũ,03/08/1995,0965615219,htwbq330@vnn.vn
2022609021,bahaibui68,Bà Hải Bùi,18/03/1999,0958382926,pro703@outlook.com
2022613588,phuonghoang71,Phương Hoàng,25/03/1987,0932454177,phongba389@yahoo.com
2022623145,ongtrungđang63,Ông Trung Đặng,20/03/1993,0974575060,baby567@outlook.com
2022697357,ongphucbui85,Ông Phúc Bùi,12/03/2003,0979847399,ongph866@vnn.vn
2022685343,maile68,Mai Lê,05/05/1992,0986093580,vwvwn567@vnn.vn
2022653672,hainguyen38,Hải Nguyễn,23/05/2000,0938997313,xbopc552@gmail.com
2022686407,khoađang31,Khoa Đặng,16/06/2008,0939432802,boy151@yahoo.com
2022609849,hoangtran67,Hoàng Trần,14/03/2004,0938871600,hoangt554@gmail.com
2022690347,anhanhtran21,Anh Anh Trần,11/11/2004,0926110142,pro414@outlook.com
2022675554,phuongduong86,Phương Dương,10/01/1987,0961521307,phuon841@yahoo.com
2022644564,maitran25,Mai Trần,25/09/1985,0967242229,sufbc589@outlook.com
2022614681,tubui88,Tú Bùi,16/12/1998,0992576548,tubui528@yahoo.com
2022652551,anhnhienmai99,Anh Nhiên Mai,04/09/1999,0953909577,knight129@vnn.vn
2022646327,chauhuuđang38,Châu Hữu Đặng,04/04/2001,0910620397,qfnav969@vnn.vn
2022665532,maipham14,Mai Phạm,12/10/1988,0992686856,maip451@vnn.vn
2022631085,lamthetran30,Lâm Thế Trần,15/03/1987,0911934222,pro610@vnn.vn
2022635876,hanhmaibaomai37,Hạnh Mai Bảo Mai,16/05/1985,0958596981,shadow767@vnn.vn
2022687371,hanhđucnguyen31,Hạnh Đức Nguyễn,06/08/1997,0976795663,hanhđ817@gmail.com
2022622920,bactrungnguyen30,Bác Trung Nguyễn,05/06/2007,0924272401,hacker389@outlook.com
2022622164,nhatphupham44,Nhật Phú Phạm,21/03/1986,0918535676,nhatp717@vnn.vn
2022690430,baotheđang94,Bảo Thế Đặng,25/08/1986,0990969536,yasjn786@vnn.vn
2022686453,nhatxuanđang93,Nhật Xuân Đặng,07/08/2003,0997517717,nhatx686@yahoo.com
2022637657,nhatphuđang45,Nhật Phú Đặng,26/04/1995,0921867146,baby178@gmail.com
2022644498,huyphuduong44,Huy Phú Dương,14/05/1994,0977875755,huyp277@vnn.vn
2022662791,thanhnguyen46,Thành Nguyễn,02/12/2003,0939292920,boy621@outlook.com
2022638773,lanpham86,Lan Phạm,17/09/2006,0951471057,kute898@outlook.com
2022667017,vanduong17,Vân Dương,20/05/2004,0980435867,pro116@outlook.com
2022608314,quyonghuyhoang46,Quý ông Huy Hoàng,19/10/1994,0953012916,abcxyz951@gmail.com
2022633759,phuonghuuđang66,Phương Hữu Đặng,28/11/1988,0966139520,lxcyv910@vnn.vn
2022678515,nhienđucnguyen38,Nhiên Đức Nguyễn,26/04/1990,0972370058,nhien996@vnn.vn
2022613448,phuongxuantran79,Phương Xuân Trần,20/08/1992,0992366622,hacker843@yahoo.com
2022665953,bayenle35,Bà Yến Lê,05/01/2004,0953462586,bayenl357@gmail.com
2022671895,huyxuanbui46,Huy Xuân Bùi,05/11/1998,0978978402,huyxu330@gmail.com
2022645358,covanpham59,Cô Vân Phạm,04/11/1995,0938522403,knight750@yahoo.com
2022637395,baphuongduong83,Bà Phương Dương,17/07/2003,0967469126,natio140@yahoo.com
2022677983,xuanpham24,Xuân Phạm,09/09/1994,0994945306,rupvr375@yahoo.com
2022620783,balinhđang84,Bà Linh Đặng,22/07/1987,0969949581,balin127@vnn.vn
2022626076,honghoang65,Hồng Hoàng,07/05/2001,0921457821,lnrhe498@yahoo.com
2022646750,anle45,An Lê,06/01/2007,0939855224,anle887@gmail.com
2022671222,thanhxuanvu50,Thành Xuân Vũ,20/08/1990,0939266914,kpvab384@outlook.com
2022687698,chikhoatran24,Chị Khoa Trần,18/08/2008,0936978951,chikho966@vnn.vn
2022613193,babaobui59,Bà Bảo Bùi,08/01/2001,0921322107,ygxxh734@outlook.com
2022640777,hungđucbui82,Hưng Đức Bùi,11/11/2004,0945995651,yqlas187@gmail.com
2022634731,chibaotran79,Chị Bảo Trần,15/12/2007,0939457271,tbmwm461@gmail.com
2022648914,hanhquangtran20,Hạnh Quang Trần,12/10/1999,0978450451,boy482@outlook.com
2022695969,coduyenmai24,Cô Duyên Mai,13/02/1993,0958001153,coduy66@outlook.com
2022620468,nambaole71,Nam Bảo Lê,26/05/2005,0929042624,namb170@yahoo.com
2022626561,huyhoangbui49,Huy Hoàng Bùi,19/06/2005,0928639249,baby899@vnn.vn
2022692109,namphumai63,Nam Phú Mai,16/03/1986,0920732126,yxqyf972@yahoo.com
2022613503,phuongquangpham58,Phương Quang Phạm,13/07/2004,0911710653,langtu983@outlook.com
2022669550,quycobaole49,Quý cô Bảo Lê,12/08/1997,0951256698,quyc126@vnn.vn
2022639620,comaibui24,Cô Mai Bùi,05/04/1985,0966814830,comai841@yahoo.com
2022610890,chivu13,Chi Vũ,16/12/1987,0952011574,baby498@yahoo.com
2022628165,hunghaiduong61,Hưng Hải Dương,25/01/2007,0949215883,hung31@vnn.vn
2022680900,quangxuanle21,Quang Xuân Lê,19/04/2004,0967155070,gcapc194@gmail.com
2022624225,baođucpham68,Bảo Đức Phạm,25/06/1995,0958731057,syigo952@outlook.com
2022650801,nhatvu57,Nhật Vũ,06/03/1988,0994699504,nhatvu423@yahoo.com
2022689627,quanghaitran46,Quang Hải Trần,18/02/1992,0952674562,wjzuj680@vnn.vn
2022621267,thanhbui85,Thành Bùi,22/12/2005,0934617113,hgqqz237@gmail.com
2022653637,vule54,Vũ Lê,04/04/1999,0940878682,tsnoh468@yahoo.com
2022623883,ongquangtran53,Ông Quang Trần,26/01/2006,0929797324,hmvse684@yahoo.com
2022666994,balamnguyen68,Bà Lâm Nguyễn,26/06/1986,0981724744,vxuzh585@outlook.com
2022672244,ngocbui23,Ngọc Bùi,10/01/1992,0967132338,boy601@vnn.vn
2022650620,maipham92,Mai Phạm,11/05/2008,0984481344,baby862@gmail.com
2022669113,quangpham80,Quang Phạm,20/10/1993,0999746823,hzokc843@outlook.com
2022655213,yenbui42,Yến Bùi,12/08/1987,0961571236,iufms176@outlook.com
2022625857,cohongđang79,Cô Hồng Đặng,22/09/2000,0997646862,bkygz927@vnn.vn
2022623361,chauquangduong35,Châu Quang Dương,14/06/2002,0964400724,pro931@outlook.com
2022647525,vile39,Vi Lê,08/07/1985,0923305256,hacker660@gmail.com
2022613278,phuongmaibaovu38,Phương Mai Bảo Vũ,18/06/2008,0990743087,kute918@gmail.com
2022681047,minhbaoduong16,Minh Bảo Dương,26/11/2006,0969111816,pro261@vnn.vn
2022614240,bachipham40,Bà Chi Phạm,23/10/2000,0983383009,knight569@gmail.com
2022637766,phuongquangvu90,Phương Quang Vũ,22/06/1990,0930168373,phuo745@yahoo.com
2022680010,ngocbui82,Ngọc Bùi,25/10/2008,0938526556,ngocb956@yahoo.com
2022691964,hongduong93,Hồng Dương,20/10/1987,0967884386,dzymp818@outlook.com
2022617281,bathanhduong48,Bà Thành Dương,09/08/1997,0992088795,rybdi627@outlook.com
2022632961,colanduong28,Cô Lan Dương,17/11/1990,0920582843,pro793@yahoo.com
2022625390,quyongtupham17,Quý ông Tú Phạm,07/02/1991,0923367440,boy662@gmail.com
2022631231,anmaibaobui65,An Mai Bảo Bùi,20/07/1993,0956793639,kute539@outlook.com
2022695450,comaivu31,Cô Mai Vũ,20/12/1987,0975548854,comai971@outlook.com
2022640388,chithanhvu52,Chị Thành Vũ,15/05/1998,0967917468,ztpsy810@gmail.com
2022619852,anhtrungtran96,Anh Trung Trần,23/02/1996,0921849060,knight726@yahoo.com
2022695821,anhquanghoang28,Anh Quang Hoàng,07/10/2000,0957081251,ocbnz513@vnn.vn
2022668887,haiquangbui37,Hải Quang Bùi,21/12/1993,0968922257,haiq505@yahoo.com
2022660329,baomai68,Bảo Mai,09/06/1994,0998104287,zvgkk126@yahoo.com
2022633144,anhchauduong86,Anh Châu Dương,26/01/1995,0964628154,pro58@yahoo.com
2022679306,chivipham58,Chị Vi Phạm,08/07/2008,0952160985,chiviph143@vnn.vn
2022613501,anhoangle51,An Hoàng Lê,24/03/2008,0989553809,pro461@yahoo.com
2022636866,nhathaitran42,Nhật Hải Trần,14/05/1991,0975508602,abcxyz77@outlook.com
2022657902,quyongquangbui74,Quý ông Quang Bùi,01/04/1995,0996282442,shadow768@yahoo.com
2022664665,anhduong31,Anh Dương,20/06/2003,0972490362,bjsql440@outlook.com
2022636086,nhatđucduong34,Nhật Đức Dương,03/05/1988,0981074380,nhatđu972@vnn.vn
2022604991,phucduong71,Phúc Dương,06/11/1994,0923246158,hacker418@vnn.vn
2022629635,phuongđang83,Phương Đặng,09/07/1986,0986471999,baby364@vnn.vn
2022643445,hongle13,Hồng Lê,12/12/1999,0979683499,pro672@gmail.com
2022609957,kimhoangnguyen75,Kim Hoàng Nguyễn,20/04/1986,0927617803,xmmgd464@gmail.com
2022606008,khoavu66,Khoa Vũ,13/07/2000,0914930480,langtu637@outlook.com
2022656031,bathaohoang83,Bà Thảo Hoàng,20/06/1995,0985819262,pqmdw272@gmail.com
2022632975,nhienhoangtran88,Nhiên Hoàng Trần,24/06/2001,0939163821,shadow682@outlook.com
2022691902,cohaiduong97,Cô Hải Dương,13/03/1999,0976965302,coha615@gmail.com
2022602390,nhatpham14,Nhật Phạm,24/09/1997,0917760513,nhatpha544@outlook.com
2022667992,phuonghoangvu52,Phương Hoàng Vũ,08/09/2006,0980562365,ralim726@outlook.com
2022621135,quycophuongpham75,Quý cô Phương Phạm,03/02/1991,0962672269,quycop552@yahoo.com
2022618157,kimhoang24,Kim Hoàng,27/04/1988,0992782897,kimh109@gmail.com
2022625076,nhatnguyen47,Nhật Nguyễn,17/09/1991,0941026424,kute168@vnn.vn
2022650127,chihanhtran76,Chị Hạnh Trần,17/10/2000,0953066774,chihanh149@outlook.com
2022654695,nhatvu84,Nhật Vũ,26/08/2001,0988925543,nhatvu907@outlook.com
2022683166,hungpham35,Hưng Phạm,03/07/1992,0981917704,ptqgs101@yahoo.com
2022644368,chilanđang70,Chị Lan Đặng,28/06/2001,0993500202,chilanđ183@vnn.vn
2022647656,hongtran89,Hồng Trần,06/12/2004,0989710325,cfcai908@vnn.vn
2022695081,covanle63,Cô Vân Lê,16/06/2007,0948857680,shadow899@yahoo.com
2022618392,bavanduong98,Bà Vân Dương,04/01/2007,0954041483,jgchl343@vnn.vn
2022691420,chibui51,Chi Bùi,16/02/2007,0992082981,boy536@vnn.vn
2022605374,antritran96,An Trí Trần,19/04/1995,0931166824,fwkmm936@yahoo.com
2022613006,phuongquangnguyen11,Phương Quang Nguyễn,15/04/1986,0914560885,phuo120@gmail.com
2022640301,quyonghuyvu43,Quý ông Huy Vũ,18/07/1986,0930819208,knight82@gmail.com
2022638086,vanđang34,Vân Đặng,15/08/2001,0913867825,kute850@gmail.com
2022648137,baoduong28,Bảo Dương,07/02/2007,0934035854,shadow866@vnn.vn
2022686950,chihuongle96,Chị Hương Lê,05/05/2007,0965865283,chihu440@vnn.vn
2022604391,khoamaibaopham81,Khoa Mai Bảo Phạm,24/11/1997,0999722716,tujcu348@gmail.com
2022668279,maitran41,Mai Trần,13/12/1994,0970251556,tkikb589@vnn.vn
2022658695,baxuanduong37,Bà Xuân Dương,07/07/1996,0976978932,pro569@vnn.vn
2022648235,haipham68,Hải Phạm,20/03/1990,0964305960,langtu160@yahoo.com
2022629564,huyhaihoang64,Huy Hải Hoàng,09/03/1998,0977587510,boy985@vnn.vn
2022674521,quanghoangpham41,Quang Hoàng Phạm,19/07/2000,0949687967,quang62@gmail.com
2022650875,bacnhienvu71,Bác Nhiên Vũ,15/08/2000,0914934463,pfihy727@yahoo.com
2022689234,haivu62,Hải Vũ,22/02/1988,0986238052,haivu797@vnn.vn
2022697315,xuanduong58,Xuân Dương,27/06/1998,0919907190,xuan107@outlook.com
2022675436,phucbui70,Phúc Bùi,13/10/1985,0990672579,phuc779@gmail.com
2022605574,lamthebui50,Lâm Thế Bùi,07/07/1997,0944418939,lamt409@outlook.com
2022628183,chilanle90,Chị Lan Lê,20/01/1993,0990478805,hvbgc763@vnn.vn
2022619062,hoangnguyen11,Hoàng Nguyễn,27/11/1992,0917752249,hoangng665@yahoo.com
2022609852,huongmai69,Hương Mai,24/03/2006,0917249708,imvgz975@vnn.vn
2022649476,baođang43,Bảo Đặng,20/07/1993,0992627989,boy30@yahoo.com
2022667025,phuongmaitran36,Phương Mai Trần,15/12/2008,0951971361,abcxyz779@gmail.com
2022688088,maile48,Mai Lê,24/07/2004,0932961282,knight537@yahoo.com
2022604115,hađuctran18,Hà Đức Trần,11/02/2003,0936634282,hađuc380@outlook.com
2022674475,bavimai90,Bà Vi Mai,18/11/1995,0993312972,vdeqh229@vnn.vn
2022688069,quycoanhhoang23,Quý cô Ánh Hoàng,05/06/1995,0941086763,ondvf394@yahoo.com
2022678334,anhhuyduong31,Anh Huy Dương,02/09/1999,0975214506,anhh613@gmail.com
2022622550,haihuuduong76,Hải Hữu Dương,22/02/1994,0954257256,boy903@gmail.com
2022681762,phuchuuduong77,Phúc Hữu Dương,05/07/1995,0957866152,ihajo629@vnn.vn
2022622393,ngocvu53,Ngọc Vũ,18/05/2005,0952279267,ngoc581@yahoo.com
2022617531,thanhhoangtran69,Thành Hoàng Trần,04/04/1988,0991518765,qkafp641@yahoo.com
2022616553,tubui38,Tú Bùi,17/03/1992,0949319763,shadow886@yahoo.com
2022623616,balinhvu99,Bà Linh Vũ,10/08/1992,0950746530,hacker448@gmail.com
2022684066,namtran90,Nam Trần,07/10/1990,0950570324,namtra367@vnn.vn
2022615813,nhathuuduong80,Nhật Hữu Dương,11/07/1987,0911444495,baby12@gmail.com
2022697900,baovantran10,Bảo Văn Trần,03/04/2007,0957137708,phongba347@outlook.com
2022656792,lamđang24,Lâm Đặng,24/09/2003,0985370627,lamđang316@gmail.com
2022696707,xuanhoang17,Xuân Hoàng,27/01/1998,0993058139,fqsaa899@yahoo.com
2022640393,huongđang56,Hương Đặng,18/02/1986,0999420620,knight191@yahoo.com
2022695238,phucquangduong79,Phúc Quang Dương,12/04/1990,0961676747,baby752@yahoo.com
2022611877,kimduong81,Kim Dương,24/07/1990,0947762358,baby666@yahoo.com
2022678833,covibui97,Cô Vi Bùi,28/12/2006,0977944402,covi546@outlook.com
2022633918,cohavu77,Cô Hà Vũ,23/06/1996,0963592809,iqeee431@vnn.vn
2022649154,quycoxuanđang71,Quý cô Xuân Đặng,21/10/1990,0971531418,abcxyz885@vnn.vn
2022621342,trungphupham21,Trung Phú Phạm,07/04/1988,0945301872,trungph461@yahoo.com
2022607181,phucbaole10,Phúc Bảo Lê,07/05/2007,0998389941,knight254@outlook.com
2022611334,chiduyenle23,Chị Duyên Lê,10/07/2004,0953387553,phongba661@vnn.vn
2022686603,bamainguyen14,Bà Mai Nguyễn,28/11/2003,0952517169,rjgre467@vnn.vn
2022652502,khoatrile43,Khoa Trí Lê,18/05/1987,0992969943,baby599@gmail.com
2022661692,namxuannguyen48,Nam Xuân Nguyễn,16/08/1998,0952526358,oxhxg891@outlook.com
2022654478,quyongquangduong97,Quý ông Quang Dương,08/08/1987,0910204693,langtu377@gmail.com
2022610224,bangochoang54,Bà Ngọc Hoàng,17/07/1997,0934579453,qolqm183@yahoo.com
2022642290,hungmai54,Hưng Mai,21/03/1987,0984149344,lkvts483@gmail.com
2022626630,quycoyenle41,Quý cô Yến Lê,26/04/1987,0930642613,abcxyz751@yahoo.com
2022641260,chibaonguyen42,Chị Bảo Nguyễn,03/10/2008,0912756155,jguii487@yahoo.com
2022623562,nhienhoangmai46,Nhiên Hoàng Mai,22/10/2002,0964996868,nhienho272@gmail.com
2022634901,bamaitran58,Bà Mai Trần,27/12/1989,0947641990,bamai693@outlook.com
2022604450,onghungnguyen76,Ông Hưng Nguyễn,08/06/1990,0920936802,onghung926@vnn.vn
2022671369,cothaođang91,Cô Thảo Đặng,19/08/2005,0990121985,hacker997@gmail.com
2022654682,tungđucđang17,Tùng Đức Đặng,16/03/1992,0945624100,lrrmu405@vnn.vn
2022645271,anhhoang36,Anh Hoàng,23/03/2008,0929181504,kute289@yahoo.com
2022612156,chivanbui89,Chị Vân Bùi,07/05/2002,0992198756,chiv898@yahoo.com
2022610572,dungđang99,Dũng Đặng,24/02/2001,0940058898,knight586@vnn.vn
2022604712,khoabaoduong65,Khoa Bảo Dương,09/12/1985,0993715763,wfank286@vnn.vn
2022660947,anphupham52,An Phú Phạm,11/03/2004,0944505481,anph818@vnn.vn
2022655334,nhienhoangduong92,Nhiên Hoàng Dương,06/12/1986,0912845123,nhien925@gmail.com
2022690459,baođang41,Bảo Đặng,24/04/2000,0956777991,baođang735@gmail.com
2022623813,bacnamnguyen40,Bác Nam Nguyễn,25/05/2004,0915911014,hlugo535@outlook.com
2022692399,quycolinhhoang60,Quý cô Linh Hoàng,23/12/1998,0984141591,pro504@outlook.com
2022669769,chimaipham52,Chị Mai Phạm,20/03/2003,0952004388,hacker334@outlook.com
2022662807,khoapham74,Khoa Phạm,23/12/2006,0991518297,khoap670@gmail.com
2022654605,conhatnguyen67,Cô Nhật Nguyễn,20/01/1993,0955373584,baby52@gmail.com
2022619850,baođang97,Bảo Đặng,26/02/1996,0997164584,langtu71@outlook.com
2022683827,chikhoađang78,Chị Khoa Đặng,04/08/1990,0956258069,chikho914@vnn.vn
2022678321,minhtantran78,Minh Tấn Trần,26/02/2005,0938213915,pro814@vnn.vn
2022686090,bahuongvu22,Bà Hương Vũ,22/09/2003,0947369309,kute438@yahoo.com
2022623786,cokimtran98,Cô Kim Trần,14/12/1988,0976788995,boy251@gmail.com
2022605437,chiđang44,Chi Đặng,03/01/1997,0971476190,jgmqh328@gmail.com
2022688017,anpham65,An Phạm,04/10/1985,0963446255,shadow523@outlook.com
2022675479,bacthanhbui47,Bác Thành Bùi,21/12/1990,0947979592,ifqzt362@gmail.com
2022666172,phuongbui92,Phương Bùi,25/06/1986,0985141804,baby812@yahoo.com
2022695312,quangnguyen22,Quang Nguyễn,13/09/1999,0996277648,tfiby446@yahoo.com
2022601363,thanhtanpham42,Thành Tấn Phạm,26/08/1998,0941063224,than863@yahoo.com
2022674131,dungduong92,Dũng Dương,10/07/1992,0985191330,dung103@outlook.com
2022649764,trongphutran12,Trọng Phú Trần,23/12/1986,0931736876,vlija164@gmail.com
2022623721,anhhaiduong62,Anh Hải Dương,14/11/2000,0998211713,anhh672@gmail.com
2022672510,quycolanle36,Quý cô Lan Lê,18/08/1997,0928447278,quycol238@yahoo.com
2022618055,trungquangnguyen74,Trung Quang Nguyễn,05/01/1988,0956542855,abcxyz662@yahoo.com
2022659031,banhatduong61,Bà Nhật Dương,20/08/2005,0991518763,banha192@vnn.vn
2022622137,maipham45,Mai Phạm,05/04/1999,0981921832,maipham854@vnn.vn
2022612780,quyongphuchoang60,Quý ông Phúc Hoàng,22/05/1997,0935499026,quyo282@outlook.com
2022648841,minhđucbui73,Minh Đức Bùi,03/04/1985,0959772121,minhđuc398@yahoo.com
2022681627,minhhuumai52,Minh Hữu Mai,06/10/1998,0958033230,cnyed703@yahoo.com
2022698549,anhduong43,Ánh Dương,08/03/2005,0913277763,ccvwe935@vnn.vn
2022627446,namvannguyen31,Nam Văn Nguyễn,20/01/2000,0952251031,guatk958@outlook.com
2022668706,hanhtran31,Hạnh Trần,27/09/1990,0916994845,hanhtra260@yahoo.com
2022663071,quangmaibaohoang79,Quang Mai Bảo Hoàng,10/05/2000,0938076475,quan278@gmail.com
2022666228,ongminhmai84,Ông Minh Mai,19/02/2004,0958380116,langtu557@yahoo.com
2022619866,nhatquangđang15,Nhật Quang Đặng,18/02/1992,0948594011,nhat883@outlook.com
2022692556,baduyenpham46,Bà Duyên Phạm,22/06/2006,0977049663,ikehm760@vnn.vn
2022698556,cokhoabui85,Cô Khoa Bùi,06/06/2005,0992945616,ofxyv422@outlook.com
2022681383,bahanhhoang68,Bà Hạnh Hoàng,15/02/1989,0922267866,ryvan267@yahoo.com
2022682843,vanđang13,Vân Đặng,23/03/1998,0987618363,vanđ17@yahoo.com
2022686678,ongquangpham19,Ông Quang Phạm,04/04/1989,0931844584,cdazr358@yahoo.com
2022606773,thaotran23,Thảo Trần,06/08/1996,0978790146,thaotr166@vnn.vn
2022646736,cobaopham99,Cô Bảo Phạm,01/10/2001,0988054908,sbdhd864@vnn.vn
2022675262,onganhnguyen24,Ông Anh Nguyễn,26/03/1994,0995684883,onganh173@outlook.com
2022691963,phucđang73,Phúc Đặng,22/09/1996,0991657510,hacker447@outlook.com
2022691589,ongtrungbui64,Ông Trung Bùi,22/12/2001,0921400326,ongtru55@outlook.com
2022677142,chihabui53,Chị Hà Bùi,24/11/1997,0961309118,engsw140@vnn.vn
2022648491,baoquangpham87,Bảo Quang Phạm,17/11/1990,0993575494,baoqu52@yahoo.com
2022687831,quyongtungnguyen27,Quý ông Tùng Nguyễn,20/02/1991,0931081790,klegh465@yahoo.com
2022689559,cophuongmai21,Cô Phương Mai,09/04/2008,0924718364,yshnm219@outlook.com
2022666503,phuongbui56,Phương Bùi,08/03/2006,0997031916,boy324@outlook.com
2022679070,hungvanvu70,Hưng Văn Vũ,05/03/2004,0916009397,pro825@yahoo.com
2022604197,minhhuuvu50,Minh Hữu Vũ,20/03/1991,0921236538,dykci229@gmail.com
2022645700,hapham52,Hà Phạm,23/10/1993,0918247918,bdlzw736@gmail.com
2022644129,quyonghuyle60,Quý ông Huy Lê,18/06/1998,0928940774,quyong363@outlook.com
2022608134,vuhoang84,Vũ Hoàng,22/11/2000,0935821658,yeowf417@gmail.com
2022646759,khoađucđang36,Khoa Đức Đặng,25/07/1997,0940611064,rgtmo212@vnn.vn
2022611091,thanhnguyen78,Thành Nguyễn,17/06/2006,0992868194,hacker971@yahoo.com
2022698656,nhatxuanduong12,Nhật Xuân Dương,26/01/2006,0998237420,phongba261@vnn.vn
2022673119,kimquangvu92,Kim Quang Vũ,13/03/1985,0972110973,baby102@yahoo.com
2022629523,hamaimai51,Hà Mai Mai,19/02/1994,0979270086,phongba368@gmail.com
2022651589,quycolinhpham14,Quý cô Linh Phạm,15/07/2006,0980772878,lasei960@vnn.vn
2022634491,vuhainguyen90,Vũ Hải Nguyễn,19/09/2005,0989171037,kute450@gmail.com
2022617082,nhatle75,Nhật Lê,26/07/1987,0963643645,snnva320@outlook.com
2022673533,chaubui83,Châu Bùi,14/04/2008,0931648290,chau633@gmail.com
2022688078,quycothaole37,Quý cô Thảo Lê,03/10/1999,0980085456,shadow597@vnn.vn
2022699345,nhathoang95,Nhật Hoàng,05/07/2000,0915551316,jfsfm884@vnn.vn
2022654646,hanhduong40,Hạnh Dương,11/06/1991,0970677864,yjwue727@yahoo.com
2022616403,lammai30,Lâm Mai,25/12/1996,0968823445,langtu286@gmail.com
2022667526,quycokimhoang97,Quý cô Kim Hoàng,05/04/1989,0919533965,quyco747@outlook.com
2022601797,quycoduyenđang69,Quý cô Duyên Đặng,21/08/1993,0922613304,arvpq960@yahoo.com
2022693991,hanhthebui13,Hạnh Thế Bùi,16/02/2002,0922181244,hanh357@vnn.vn
2022653500,quycongocbui27,Quý cô Ngọc Bùi,16/07/2008,0957627994,nivmc937@vnn.vn
2022628953,kimmai76,Kim Mai,24/04/1985,0914323666,langtu908@outlook.com
2022636536,duyenvu13,Duyên Vũ,13/03/2001,0918769423,duyenv942@yahoo.com
2022694714,ongchaule43,Ông Châu Lê,06/02/1999,0974181046,boy817@outlook.com
2022661246,hanhhuuvu94,Hạnh Hữu Vũ,15/02/1989,0931839353,hanh625@outlook.com
2022600627,khoanguyen42,Khoa Nguyễn,14/10/1986,0957258487,abcxyz643@vnn.vn
2022660946,anhtungtran91,Anh Tùng Trần,13/06/2007,0953296351,ggzyr784@yahoo.com
2022638265,baxuanle10,Bà Xuân Lê,02/03/2003,0950463380,abcxyz54@outlook.com
2022603022,quyongbaonguyen54,Quý ông Bảo Nguyễn,16/08/2005,0956741068,shadow643@yahoo.com
2022642780,phuongduong18,Phương Dương,16/05/1985,0946924530,phuong233@yahoo.com
2022679451,nhienđucduong54,Nhiên Đức Dương,25/06/2002,0936143993,phongba557@vnn.vn
2022606288,chilantran46,Chị Lan Trần,20/05/1996,0978542366,boy242@yahoo.com
2022609036,lamthenguyen22,Lâm Thế Nguyễn,18/02/1990,0973857672,kute482@yahoo.com
2022654533,balanđang63,Bà Lan Đặng,25/10/1998,0930409458,oclml205@gmail.com
2022634885,trungđucpham37,Trung Đức Phạm,05/03/2005,0920030921,boy178@outlook.com
2022647937,anhmai53,Ánh Mai,12/01/1997,0985553696,anhmai578@outlook.com
2022614412,huybaobui91,Huy Bảo Bùi,15/04/1996,0962697933,phongba926@gmail.com
2022632200,nhattran27,Nhật Trần,24/05/1988,0965455003,pro484@yahoo.com
2022649598,namtran98,Nam Trần,08/04/1990,0914729563,namt362@yahoo.com
2022677333,hapham11,Hà Phạm,26/06/1991,0953442272,knight808@vnn.vn
2022600485,vibui55,Vi Bùi,15/12/1996,0915983346,boy267@vnn.vn
2022677417,bakhoabui39,Bà Khoa Bùi,01/04/1990,0913269218,boy515@outlook.com
2022611850,chithanhmai71,Chị Thành Mai,16/10/1988,0931062546,chit719@outlook.com
2022693659,vuhuuhoang57,Vũ Hữu Hoàng,19/07/1988,0985713195,arwju348@vnn.vn
2022668503,nhatthetran75,Nhật Thế Trần,19/05/2006,0982873129,nhatth356@yahoo.com
2022642348,anhnguyen31,Ánh Nguyễn,23/12/2007,0928665947,hacker20@yahoo.com
2022680453,hongduong69,Hồng Dương,10/01/1995,0994191761,bhzuz151@yahoo.com
2022653842,nhathoangđang76,Nhật Hoàng Đặng,22/10/1989,0918532767,nrijz610@gmail.com
2022634850,bahahoang93,Bà Hà Hoàng,14/06/1997,0948617598,bahaho23@gmail.com
2022667895,chivanduong19,Chị Vân Dương,16/05/1986,0962532717,hacker455@yahoo.com
2022613865,haiquangle98,Hải Quang Lê,12/07/2006,0960553614,haiquan172@vnn.vn
2022645022,baduongtran95,Bà Dương Trần,26/07/2002,0963463566,kute457@gmail.com
2022696154,bactrongmai80,Bác Trọng Mai,22/10/1992,0988345141,waggn666@vnn.vn
2022601859,vihoang98,Vi Hoàng,22/03/1994,0911326697,langtu715@vnn.vn
2022626342,anhbui51,Ánh Bùi,24/08/1986,0988876376,bftma262@outlook.com
2022665116,thanhbui38,Thành Bùi,23/08/1990,0954045683,thanh482@yahoo.com
2022619036,hoanghoang93,Hoàng Hoàng,14/07/1998,0992226104,lplqg198@outlook.com
2022639527,bahaimai81,Bà Hải Mai,26/05/2005,0947250501,hacker116@vnn.vn
2022616823,maibui66,Mai Bùi,14/03/1997,0960255377,maibu986@gmail.com
2022690451,bactrongbui39,Bác Trọng Bùi,21/02/1993,0998371774,bactr128@gmail.com
2022670420,anhkhoaduong71,Anh Khoa Dương,26/05/1997,0968282523,yvjlm696@vnn.vn
2022608034,thanhtanmai12,Thành Tấn Mai,11/08/2003,0911445264,jskra258@vnn.vn
2022635730,trungđuctran86,Trung Đức Trần,24/07/2008,0962912952,trun719@yahoo.com
2022635225,onghuytran70,Ông Huy Trần,22/11/1989,0948821500,ongh619@yahoo.com
2022616367,thaođang94,Thảo Đặng,22/04/1994,0992357232,btvap361@vnn.vn
2022694965,lamđuchoang57,Lâm Đức Hoàng,19/08/1997,0940059778,abcxyz542@yahoo.com
2022612482,phuongvu42,Phương Vũ,21/11/1996,0976938798,knight316@vnn.vn
2022668067,quyongquangtran46,Quý ông Quang Trần,10/04/2002,0960476995,aukur875@vnn.vn
2022623412,anhtrungduong44,Anh Trung Dương,08/05/1994,0923087499,djvoh491@gmail.com
2022645883,chikhoapham79,Chị Khoa Phạm,15/02/1988,0922972089,irkmx652@outlook.com
2022627935,tutheđang22,Tú Thế Đặng,27/07/2006,0920381805,knight66@gmail.com
2022639752,coduyentran95,Cô Duyên Trần,19/07/2007,0969394701,dvhhf609@vnn.vn
2022695665,hanhđang89,Hạnh Đặng,04/09/2002,0924588753,hanhđa965@yahoo.com
2022614003,dungmaibaotran83,Dũng Mai Bảo Trần,09/10/1986,0942703147,dung421@yahoo.com
2022606380,lamtran92,Lâm Trần,07/07/2000,0940721839,lfnew773@outlook.com
2022656590,quyongnamtran79,Quý ông Nam Trần,04/06/2006,0978902672,kute434@gmail.com
2022638534,chivanduong78,Chị Vân Dương,09/01/1990,0989147132,chivan39@outlook.com
2022682063,chianhoang45,Chị An Hoàng,24/02/1996,0986469008,abcxyz797@outlook.com
2022621974,hanhhoang17,Hạnh Hoàng,08/02/1990,0949819369,hanhhoa658@gmail.com
2022650107,baobui14,Bảo Bùi,20/11/2003,0959000081,baobui522@gmail.com
2022692700,ngochoang15,Ngọc Hoàng,08/02/1998,0961402586,ngochoa952@gmail.com
2022612746,quangmai33,Quang Mai,06/08/2001,0972917386,gcqci759@yahoo.com
2022679003,hanhhoangduong53,Hạnh Hoàng Dương,17/02/2008,0977226516,rrovn299@outlook.com
2022664608,hoangthehoang26,Hoàng Thế Hoàng,21/11/1996,0963283912,kute291@gmail.com
2022699507,banhatvu90,Bà Nhật Vũ,11/01/1998,0955127392,banhatv421@outlook.com
2022631429,quangvanle44,Quang Văn Lê,19/12/1991,0984399138,lywdv240@vnn.vn
2022632062,banhatvu77,Bà Nhật Vũ,11/12/1985,0953901721,banh768@gmail.com
2022687102,chixuanbui89,Chị Xuân Bùi,11/11/2003,0971760770,phongba328@outlook.com
2022609875,nhatmai99,Nhật Mai,14/10/1988,0968627053,apolz599@yahoo.com
2022655317,anbui98,An Bùi,08/02/1989,0934447913,langtu317@gmail.com
2022650192,nhatbaovu56,Nhật Bảo Vũ,24/01/1985,0918000040,qwekd227@outlook.com
2022672179,trungmaihoang90,Trung Mai Hoàng,05/02/1991,0976462058,dpbbx652@outlook.com
2022611372,chithanhđang68,Chị Thành Đặng,28/01/1992,0950983306,chith410@yahoo.com
2022671638,nhatle20,Nhật Lê,19/09/2004,0930256361,saqie456@gmail.com
2022696399,cohongle28,Cô Hồng Lê,22/10/2001,0971817990,pro368@vnn.vn
2022635173,baovu17,Bảo Vũ,25/10/1998,0969065721,shadow311@vnn.vn
2022653157,anhhoangmai81,Anh Hoàng Mai,08/04/1989,0988128809,anhhoa972@yahoo.com
2022641603,thanhquangbui95,Thành Quang Bùi,14/06/1995,0980846950,thanh124@outlook.com
2022645129,nhatđucduong93,Nhật Đức Dương,18/09/2008,0954776321,dinqe423@vnn.vn
2022647848,chithanhđang77,Chị Thành Đặng,07/02/2004,0941224569,baby309@outlook.com
2022693639,baduyenvu81,Bà Duyên Vũ,26/11/2006,0979903850,baduyen571@outlook.com
2022669821,yentran78,Yến Trần,09/09/2004,0922449609,wgydf473@gmail.com
2022682951,banhatvu52,Bà Nhật Vũ,04/09/1996,0928334139,ggngu751@outlook.com
2022643570,ongquangnguyen90,Ông Quang Nguyễn,23/07/1997,0957674325,cmjms295@yahoo.com
2022613298,maibui10,Mai Bùi,26/11/1993,0973729799,pro529@yahoo.com
2022634024,chiphuongtran41,Chị Phương Trần,26/01/1995,0915943494,shadow193@yahoo.com
2022642725,cokimpham10,Cô Kim Phạm,26/10/2001,0952742314,hisiu485@yahoo.com
2022612399,yenhoang50,Yến Hoàng,05/11/1996,0949350500,phongba545@gmail.com
2022696827,hanhxuanhoang18,Hạnh Xuân Hoàng,02/05/1997,0915379291,hanh864@vnn.vn
2022644083,baopham73,Bảo Phạm,28/04/2000,0984687844,ctdzt925@yahoo.com
2022601187,khoaquangtran51,Khoa Quang Trần,12/05/2000,0929862300,pejeh808@vnn.vn
2022655987,coyenduong96,Cô Yến Dương,04/12/1994,0926223312,uzacp544@outlook.com
2022601812,hungđucnguyen14,Hưng Đức Nguyễn,25/12/1986,0959933181,phongba291@gmail.com
2022675098,nhatquangnguyen81,Nhật Quang Nguyễn,19/04/1990,0950090308,nhatqua540@outlook.com
2022649272,chithanhle10,Chị Thành Lê,22/10/1997,0960787364,iizuy746@yahoo.com
2022654242,phucthiđang70,Phúc Thị Đặng,20/04/1999,0968236043,phucth921@outlook.com
2022689062,linhtran71,Linh Trần,28/03/2004,0920546014,fpdjf709@vnn.vn
2022688650,lamle71,Lâm Lê,24/02/1999,0963421849,shadow316@yahoo.com
2022653210,bacnamvu59,Bác Nam Vũ,14/09/2008,0944391381,bacna314@vnn.vn
2022672842,anhđucđang13,Anh Đức Đặng,17/11/1995,0998361342,anhđucđ422@yahoo.com
2022641221,bacphucduong43,Bác Phúc Dương,12/04/2008,0952944811,abcxyz127@yahoo.com
2022658826,onghungle16,Ông Hưng Lê,10/10/2005,0920162012,langtu762@outlook.com
2022637954,maivu46,Mai Vũ,15/12/2000,0998370592,knight87@outlook.com
2022698602,hanhpham93,Hạnh Phạm,05/01/1999,0922255306,hqrje285@vnn.vn
2022621704,quyongquangđang31,Quý ông Quang Đặng,19/07/1985,0993147473,syrhk382@gmail.com
2022641274,hamai43,Hà Mai,01/12/2002,0986483984,ppvym739@gmail.com
2022635561,thanhbui95,Thành Bùi,17/09/1995,0919856365,tionr421@yahoo.com
2022606577,anle68,An Lê,24/02/2005,0988362527,boy698@outlook.com
2022675807,nhatduong74,Nhật Dương,28/05/2000,0974051304,phongba354@gmail.com
2022655583,chihađang67,Chị Hà Đặng,13/05/1997,0916898874,hacker933@gmail.com
2022633646,anpham89,An Phạm,03/07/1988,0952961532,anph926@gmail.com
2022683017,chihoang38,Chi Hoàng,06/06/2008,0912333075,kute26@vnn.vn
2022633335,anhoang41,An Hoàng,25/02/1994,0974803519,utlkd826@gmail.com
2022638449,xuanmai31,Xuân Mai,26/01/2005,0933039125,phongba464@yahoo.com
2022638822,ngocđang86,Ngọc Đặng,03/11/1992,0979653134,ngocđan24@yahoo.com
2022665811,thanhtran14,Thành Trần,15/05/1995,0970129026,hfqig889@yahoo.com
2022666561,chibaobui69,Chị Bảo Bùi,07/06/1987,0969244483,shadow853@gmail.com
2022689565,yenduong46,Yến Dương,25/08/2006,0951526529,cgslf576@outlook.com
2022690859,quycoduongle47,Quý cô Dương Lê,11/03/2005,0990459311,quyco314@outlook.com
2022635219,baanle51,Bà An Lê,06/02/1991,0995350552,mvhli841@gmail.com
2022632371,khoatrihoang60,Khoa Trí Hoàng,20/01/1986,0990343671,khoa58@outlook.com
2022606137,dungvannguyen90,Dũng Văn Nguyễn,05/12/2008,0974398146,dungv599@vnn.vn
2022619673,hungmaivu48,Hưng Mai Vũ,03/08/1991,0994712078,hung594@vnn.vn
2022649616,chilanvu98,Chị Lan Vũ,11/08/2008,0986593141,nbslb386@outlook.com
2022615999,thanhbui85,Thành Bùi,12/12/2005,0985231985,thanhb865@gmail.com
2022600728,quyongquangtran10,Quý ông Quang Trần,21/01/1991,0926046717,quyo31@outlook.com
2022629986,baotanmai70,Bảo Tấn Mai,28/02/1990,0940782041,abcxyz893@gmail.com
2022603565,chauhoang33,Châu Hoàng,02/10/1985,0927439491,chauhoa124@outlook.com
2022658367,ongtrongtran58,Ông Trọng Trần,15/05/1992,0935160884,akcra753@vnn.vn
2022609948,annguyen70,An Nguyễn,02/11/2000,0917320585,anngu809@outlook.com
2022621841,quycoanhmai56,Quý cô Ánh Mai,23/10/1992,0915701468,oivqk970@outlook.com
2022688111,khoahoang65,Khoa Hoàng,06/09/2000,0972486917,khoah157@gmail.com
2022674500,cothanhpham73,Cô Thành Phạm,16/09/2007,0983952062,pro248@outlook.com
2022623493,hoangduong51,Hoàng Dương,24/06/2002,0956105006,dlhzh291@gmail.com
2022613663,quangthihoang84,Quang Thị Hoàng,04/05/1985,0913716817,pro689@gmail.com
2022678170,anhoang46,An Hoàng,17/11/1985,0950903810,abcxyz331@vnn.vn
2022658707,banhatduong24,Bà Nhật Dương,05/09/1992,0969033544,knight346@yahoo.com
2022693796,phucthemai43,Phúc Thế Mai,11/10/2008,0995072127,hpapb163@yahoo.com
2022643956,anhhoang51,Anh Hoàng,11/01/1985,0944280535,kearr537@gmail.com
2022645427,cobaole14,Cô Bảo Lê,24/03/1998,0962014038,phongba983@yahoo.com
2022604438,nhatduong18,Nhật Dương,04/12/1986,0955716895,qfagd751@gmail.com
2022679979,khoahoang85,Khoa Hoàng,03/09/2003,0936551888,shadow732@gmail.com
2022642604,nhattran46,Nhật Trần,21/09/2002,0941369517,ekohm342@outlook.com
2022675127,quyongtrongduong32,Quý ông Trọng Dương,26/03/1989,0946841671,quyongt425@yahoo.com
2022631863,bactungtran70,Bác Tùng Trần,28/07/1999,0968644729,kute450@gmail.com
2022600829,duongtran94,Dương Trần,22/07/2000,0955604930,kcffj572@yahoo.com
2022684108,trungmaibaotran86,Trung Mai Bảo Trần,17/03/2005,0975149308,trun127@gmail.com
2022676879,huongduong49,Hương Dương,22/12/2007,0989607466,boy765@yahoo.com
2022635253,khoaxuannguyen72,Khoa Xuân Nguyễn,17/01/1997,0938181753,khoax837@outlook.com
2022616763,vimai27,Vi Mai,20/11/1994,0938103576,phongba636@vnn.vn
2022612652,quycophuongmai97,Quý cô Phương Mai,07/08/2008,0991281639,uwvta767@yahoo.com
2022621353,bahuongduong65,Bà Hương Dương,04/03/1985,0977883393,xhzeu601@outlook.com
2022662639,balinhbui86,Bà Linh Bùi,14/10/1989,0987638226,bali145@outlook.com
2022606096,khoathehoang57,Khoa Thế Hoàng,07/03/2006,0979944485,khoath449@yahoo.com
2022642083,haivu49,Hải Vũ,26/09/1994,0966617199,qwylc226@outlook.com
2022669356,tumai96,Tú Mai,23/03/2008,0952209005,knight633@outlook.com
2022645047,kimtrile28,Kim Trí Lê,19/10/1998,0911739344,kimt360@yahoo.com
2022648246,chixuanvu73,Chị Xuân Vũ,02/04/2000,0959563717,abcxyz786@outlook.com
2022629394,baomaiđang56,Bảo Mai Đặng,19/08/1988,0915920891,jmaja858@outlook.com
2022685071,anhtule98,Anh Tú Lê,22/08/1996,0938671001,anhtule681@yahoo.com
2022676334,khoatanmai56,Khoa Tấn Mai,08/08/2001,0980493979,hacker570@yahoo.com
2022627726,maimai28,Mai Mai,07/02/1992,0995745453,phongba853@gmail.com
2022639591,anđuctran14,An Đức Trần,10/08/2000,0911803907,boy818@vnn.vn
2022653229,quyongdunghoang75,Quý ông Dũng Hoàng,01/01/2000,0987654067,shadow410@yahoo.com
2022608180,chile33,Chi Lê,28/07/2003,0985875923,chile746@yahoo.com
2022654737,quyongnhienhoang76,Quý ông Nhiên Hoàng,21/04/1996,0958902416,quyongn737@vnn.vn
2022647364,chinguyen99,Chi Nguyễn,19/08/1995,0926841001,rsdxw913@yahoo.com
2022606075,lamđang51,Lâm Đặng,26/01/1990,0959161160,xvocc384@vnn.vn
2022666258,baovu35,Bảo Vũ,21/12/1992,0955240417,cvaxv214@yahoo.com
2022650001,vivu35,Vi Vũ,21/07/2000,0946878532,phongba26@gmail.com
2022690443,congocmai17,Cô Ngọc Mai,20/07/1990,0918637505,kdubu191@outlook.com
2022623520,cothanhtran62,Cô Thành Trần,08/03/1993,0988045883,modve319@vnn.vn
2022645679,babaođang53,Bà Bảo Đặng,23/03/1997,0940732463,babao72@yahoo.com
2022608843,chiphuongle13,Chị Phương Lê,11/04/2003,0911985393,hiyqi897@yahoo.com
2022644790,haimai53,Hải Mai,06/04/1994,0985646375,haimai804@vnn.vn
2022695180,nhatvanduong27,Nhật Văn Dương,23/11/1999,0976994910,nhat913@yahoo.com
2022699599,hanhtanle99,Hạnh Tấn Lê,12/03/1998,0919607726,hanh856@outlook.com
2022615456,tuđang30,Tú Đặng,18/09/1987,0996453477,eukhm117@outlook.com
2022650737,vitran94,Vi Trần,23/10/1996,0919848760,baby778@vnn.vn
2022612090,linhbui82,Linh Bùi,19/05/1999,0933324449,knight526@outlook.com
2022602126,linhduong64,Linh Dương,25/08/2004,0979730756,axxhz186@vnn.vn
2022623795,balanhoang85,Bà Lan Hoàng,01/06/1995,0973154841,xiqrq604@gmail.com
2022650041,lamduong61,Lâm Dương,07/01/2000,0982262111,vxlyn796@outlook.com
2022654611,cophuongbui23,Cô Phương Bùi,09/06/2004,0995976506,thkas724@vnn.vn
2022618858,thanhvu92,Thành Vũ,13/08/1992,0935008015,tghys112@vnn.vn
2022633475,ongtronghoang51,Ông Trọng Hoàng,13/06/1997,0928573137,riupj742@gmail.com
2022603062,khoaduong45,Khoa Dương,01/03/1985,0932965639,plhaz225@yahoo.com
2022637350,ongquangpham59,Ông Quang Phạm,18/01/2007,0936401664,ongq232@outlook.com
2022660335,kimđucđang99,Kim Đức Đặng,18/01/1996,0918834036,tmrbn133@outlook.com
2022661091,nhathaimai89,Nhật Hải Mai,20/02/1995,0993505475,owqan548@vnn.vn
2022671365,chiannguyen63,Chị An Nguyễn,28/09/2008,0918249349,zowgp466@gmail.com
2022695462,quyonghuyvu49,Quý ông Huy Vũ,24/04/1997,0954297183,bnpxn232@gmail.com
2022639957,chivanđang11,Chị Vân Đặng,16/10/1990,0982571401,caoat617@outlook.com
2022626939,ngocle49,Ngọc Lê,26/09/1987,0966261011,ngocle162@outlook.com
2022638393,dungtran59,Dũng Trần,20/10/1988,0962246740,dungtra76@vnn.vn
2022613405,bahanhpham71,Bà Hạnh Phạm,27/11/1998,0931070188,bahanh521@yahoo.com
2022632554,phuongvanhoang17,Phương Văn Hoàng,16/07/2000,0912073335,phuo228@gmail.com
2022604180,maipham27,Mai Phạm,27/11/1986,0985964998,maip11@vnn.vn
2022692049,bacquangpham72,Bác Quang Phạm,23/08/1992,0922859219,pro618@gmail.com
2022636926,anhtutran72,Anh Tú Trần,09/09/1985,0919187173,zcrmd460@vnn.vn
2022666436,trungbui82,Trung Bùi,03/06/1989,0910042991,vgcrz406@yahoo.com
2022603676,bahaibui72,Bà Hải Bùi,14/12/2006,0918796076,bahaib188@gmail.com
2022633309,ongtungpham60,Ông Tùng Phạm,28/06/1991,0999382763,ongtu95@gmail.com
2022632350,thanhhoang75,Thành Hoàng,13/09/2006,0971091367,phongba437@gmail.com
2022625626,kimhoang62,Kim Hoàng,05/05/2007,0953281206,kimhoan43@gmail.com
2022660640,chilinhhoang10,Chị Linh Hoàng,06/12/2003,0943371852,shadow838@vnn.vn
2022680674,anphupham46,An Phú Phạm,11/02/1987,0944254994,hlafg890@gmail.com
2022676326,thanhxuanvu81,Thành Xuân Vũ,18/07/2005,0981864647,klkwo278@yahoo.com
2022678490,ongdungvu71,Ông Dũng Vũ,02/05/2003,0923403536,shadow512@outlook.com
2022627785,anhduong85,Ánh Dương,26/01/1997,0988519637,anhduo944@outlook.com
2022654000,baonguyen40,Bảo Nguyễn,07/08/2002,0961902185,baongu182@yahoo.com
2022687207,cohaiđang20,Cô Hải Đặng,12/01/2003,0923836495,langtu157@gmail.com
2022628593,vupham78,Vũ Phạm,27/02/2006,0952330808,boy558@vnn.vn
2022681274,bacchautran84,Bác Châu Trần,15/02/1996,0977321310,hzbzu207@yahoo.com
2022667014,vuvu23,Vũ Vũ,11/10/1991,0980425669,baby107@yahoo.com
2022649915,kimthihoang60,Kim Thị Hoàng,28/08/1989,0971370095,baby34@outlook.com
2022613622,vutriduong31,Vũ Trí Dương,15/09/1986,0931249699,vutr715@outlook.com
2022657055,hanhmai79,Hạnh Mai,14/12/2005,0942281202,xojvd513@vnn.vn
2022608319,coxuantran16,Cô Xuân Trần,01/01/1993,0990002422,kute99@yahoo.com
2022697383,xuantran27,Xuân Trần,27/05/1997,0966605799,xuantra332@outlook.com
2022689048,ngocmai23,Ngọc Mai,15/03/1999,0917491322,yjfxg823@gmail.com
2022698964,phucđang68,Phúc Đặng,11/01/1999,0970795236,phucđan340@gmail.com
2022622126,phucnguyen19,Phúc Nguyễn,08/11/2006,0918296546,phucngu288@vnn.vn
2022678121,havu85,Hà Vũ,14/03/1991,0975752071,yvpkp543@yahoo.com
2022612065,hanhpham96,Hạnh Phạm,02/07/2004,0995264727,hanhp905@gmail.com
2022671062,vanhoang32,Vân Hoàng,22/10/2002,0967367227,knight913@vnn.vn
2022697770,quyongquangnguyen69,Quý ông Quang Nguyễn,15/02/1988,0999011224,dzicw319@yahoo.com
2022621542,bavivu17,Bà Vi Vũ,25/12/2007,0917913124,baby373@vnn.vn
2022697337,dungthevu61,Dũng Thế Vũ,19/02/1988,0998991202,ieivr735@gmail.com
2022641526,ongtubui83,Ông Tú Bùi,26/02/1997,0939241382,rnpsg199@yahoo.com
2022602326,bakimduong26,Bà Kim Dương,27/04/1998,0992309201,hacker844@yahoo.com
2022668271,quyonghuymai38,Quý ông Huy Mai,28/11/1989,0968615592,quyong584@vnn.vn
2022610111,quycoanhbui18,Quý cô Ánh Bùi,17/12/1999,0952382429,quyco678@vnn.vn
2022647000,chinhattran98,Chị Nhật Trần,14/03/1989,0991566093,chinh161@yahoo.com
2022628581,xuanbui82,Xuân Bùi,27/12/1986,0962457263,eytko253@gmail.com
2022648227,kimbui13,Kim Bùi,28/02/2008,0922936413,kimb433@outlook.com
2022602886,baduyenduong28,Bà Duyên Dương,08/10/1987,0932387574,baduyen841@yahoo.com
2022620680,kimthitran58,Kim Thị Trần,18/05/1993,0929383394,kimth470@yahoo.com
2022692349,anhduong58,Ánh Dương,17/08/1993,0950433653,anhduo907@vnn.vn
2022607823,lambaohoang67,Lâm Bảo Hoàng,22/09/1996,0932949412,langtu848@yahoo.com
2022660006,quangvu88,Quang Vũ,11/07/2003,0995262662,boy515@gmail.com
2022698282,linhpham97,Linh Phạm,23/08/1998,0929452234,knight756@gmail.com
2022647151,haduong95,Hà Dương,19/07/2007,0939262547,knight411@gmail.com
2022631431,kimduong89,Kim Dương,24/01/1992,0953355095,flblo643@gmail.com
2022686329,khoahuubui97,Khoa Hữu Bùi,20/08/2007,0958644862,pro414@outlook.com
2022654780,quycoduongbui62,Quý cô Dương Bùi,27/09/1988,0964676232,kute390@vnn.vn
2022622672,hanhbaobui27,Hạnh Bảo Bùi,12/04/2000,0983965606,hanh14@yahoo.com
2022604654,lampham39,Lâm Phạm,23/12/2003,0978051342,rihcm748@vnn.vn
2022609803,quycoviđang73,Quý cô Vi Đặng,03/08/2004,0980477675,quyc47@gmail.com
2022606782,anhvu77,Ánh Vũ,27/10/1985,0958109961,langtu931@outlook.com
2022647544,anhtrihoang56,Anh Trí Hoàng,04/12/2007,0972472907,knight189@yahoo.com
2022641007,khoabaonguyen12,Khoa Bảo Nguyễn,23/04/2001,0929000424,khoa76@vnn.vn
2022662752,anhquangduong58,Anh Quang Dương,07/10/2008,0999551322,kute453@vnn.vn
2022677395,quyonghoangle98,Quý ông Hoàng Lê,01/02/2003,0912648280,phongba783@yahoo.com
2022656418,baomaibui52,Bảo Mai Bùi,24/11/2005,0985832590,baoma958@gmail.com
2022681604,xuanle50,Xuân Lê,20/04/1992,0973689096,ozufb594@gmail.com
2022610329,minhtran66,Minh Trần,14/11/1987,0997129640,wfcny562@outlook.com
2022624461,duongđang40,Dương Đặng,04/02/1988,0933357342,irzdp272@yahoo.com
2022601082,hunghoang21,Hưng Hoàng,19/03/1996,0965495929,baby753@gmail.com
2022608795,quyongquangpham74,Quý ông Quang Phạm,26/06/2002,0964844873,baby781@outlook.com
2022649404,kimđang79,Kim Đặng,10/03/1989,0958688309,pro172@gmail.com
2022674749,comaile26,Cô Mai Lê,04/01/1992,0958271331,mrjqg284@gmail.com
2022620145,anhvu77,Anh Vũ,11/05/2001,0980540579,anhv589@gmail.com
2022690415,vuđang46,Vũ Đặng,21/09/2001,0965343022,bbryn148@outlook.com
2022698082,anhanhmai52,Anh Anh Mai,28/08/2007,0950244729,kqbat575@vnn.vn
2022639672,hoangquanghoang58,Hoàng Quang Hoàng,14/01/2005,0966541181,knight762@vnn.vn
2022689540,quangđang56,Quang Đặng,22/03/1991,0944771643,zzhxc120@vnn.vn
2022615225,dungđucvu40,Dũng Đức Vũ,25/04/2008,0924092023,shadow740@outlook.com
2022646287,dungbui55,Dũng Bùi,14/05/1998,0987164699,abcxyz595@yahoo.com
2022661955,khoabaoduong46,Khoa Bảo Dương,08/03/1991,0931550128,khoaba216@yahoo.com
2022636354,nhathuuduong76,Nhật Hữu Dương,09/04/1996,0995264950,nhat314@outlook.com
2022636414,phuongle63,Phương Lê,01/10/1992,0958757528,uyval342@vnn.vn
2022638067,chihuonghoang59,Chị Hương Hoàng,13/02/1990,0960992638,hacker235@outlook.com
2022626922,dungle80,Dũng Lê,27/07/1993,0955541333,baby49@vnn.vn
2022619873,baxuantran43,Bà Xuân Trần,14/04/2000,0960101480,phongba106@outlook.com
2022671109,quyconhattran99,Quý cô Nhật Trần,27/11/1998,0993478648,quyconh18@vnn.vn
2022692477,nammaibaovu25,Nam Mai Bảo Vũ,12/09/1989,0947192399,boy870@outlook.com
2022637518,balamtran54,Bà Lâm Trần,01/09/1992,0940327213,yjdsx861@gmail.com
2022684769,quycoviđang24,Quý cô Vi Đặng,15/10/2005,0981942528,phongba468@vnn.vn
2022687108,baanhđang18,Bà Ánh Đặng,04/12/1994,0977114844,baan103@outlook.com
2022610654,chikhoaduong53,Chị Khoa Dương,06/08/2004,0932850835,lgiwe282@vnn.vn
2022602110,phuongduong71,Phương Dương,12/09/2000,0937948635,tmjkv908@gmail.com
2022698126,anhthanhbui62,Anh Thành Bùi,25/12/1986,0961344520,anhtha907@yahoo.com
2022613630,cokimduong74,Cô Kim Dương,08/03/1990,0972251592,zvghj523@vnn.vn
2022616923,chichiduong58,Chị Chi Dương,16/05/1992,0943009911,zzvjj265@yahoo.com
2022687118,quyongvumai16,Quý ông Vũ Mai,04/07/2002,0985653073,boy420@outlook.com
2022681667,huongpham21,Hương Phạm,01/07/2002,0951599165,huon378@yahoo.com
2022657025,colinhpham24,Cô Linh Phạm,02/08/2003,0914787383,colinh703@outlook.com
2022655081,quangduong58,Quang Dương,25/10/2002,0911188560,pro965@gmail.com
2022632468,chauthivu67,Châu Thị Vũ,04/04/1992,0965351468,chauthi392@yahoo.com
2022684041,chiphuongpham19,Chị Phương Phạm,06/04/1990,0921794052,xyzgh300@yahoo.com
2022690508,thaotran27,Thảo Trần,25/12/2003,0990978587,thao756@yahoo.com
2022672609,nhatvu55,Nhật Vũ,12/09/1997,0916439524,orgyn334@gmail.com
2022678965,phuctritran49,Phúc Trí Trần,13/05/2002,0967210911,ijeqx869@yahoo.com
2022624241,quyonganhbui97,Quý ông Anh Bùi,15/05/1986,0941970823,quyon720@yahoo.com
2022688881,namquangtran24,Nam Quang Trần,02/10/1998,0932971854,shadow523@gmail.com
2022661780,haquangbui49,Hà Quang Bùi,11/01/1986,0991147132,haqua527@outlook.com
2022669429,tuhoang57,Tú Hoàng,21/01/2000,0939906216,tuhoang915@outlook.com
2022614898,ngochoang26,Ngọc Hoàng,08/09/1999,0962989153,utmlg162@yahoo.com
2022613244,bacanhhoang67,Bác Anh Hoàng,14/09/1989,0920280476,abcxyz443@gmail.com
2022660130,xuanđang64,Xuân Đặng,08/09/1998,0925006059,xuanđa704@gmail.com
2022667125,phuongquangle65,Phương Quang Lê,27/12/1998,0982765693,apynk698@gmail.com
2022623080,khoathevu80,Khoa Thế Vũ,13/12/2004,0968763641,khoa406@outlook.com
2022630512,hanhmainguyen65,Hạnh Mai Nguyễn,16/01/1988,0936860890,hacker328@gmail.com
2022698800,phuonghoang64,Phương Hoàng,01/07/1990,0910284772,hacker76@vnn.vn
2022654075,anhpham21,Anh Phạm,18/02/1997,0999856805,gjibr405@outlook.com
2022694419,quycohamai38,Quý cô Hà Mai,15/03/2006,0945019109,hacker216@gmail.com
2022691402,quycomaitran37,Quý cô Mai Trần,04/06/2002,0990571308,fyiag106@yahoo.com
2022618807,bathanhmai82,Bà Thành Mai,14/04/1992,0937461164,iphvp569@vnn.vn
2022600321,anhtrongđang11,Anh Trọng Đặng,26/10/2006,0944252688,anhtron521@gmail.com
2022600506,anhvule66,Anh Vũ Lê,14/02/1988,0988555088,anhvul557@outlook.com
2022696529,xuanbui67,Xuân Bùi,04/01/1988,0999217015,rqqtg537@vnn.vn
2022660250,chiduyenbui43,Chị Duyên Bùi,26/08/2008,0992730705,chiduy449@outlook.com
2022606352,trongpham14,Trọng Phạm,18/05/1995,0924651124,tron311@gmail.com
2022683149,dungquangbui35,Dũng Quang Bùi,21/11/1997,0969348115,abcxyz603@outlook.com
2022661276,coduongduong99,Cô Dương Dương,03/06/2007,0953686695,coduon354@yahoo.com
2022629929,colinhnguyen98,Cô Linh Nguyễn,15/12/2000,0984627019,kndsu684@vnn.vn
2022693190,yenvu19,Yến Vũ,10/05/2000,0996024560,langtu56@gmail.com
2022671312,yentran67,Yến Trần,01/02/1998,0982456130,baby724@vnn.vn
2022606358,haiphuduong54,Hải Phú Dương,28/04/2003,0948080633,haiph216@vnn.vn
2022606863,quycophuongnguyen48,Quý cô Phương Nguyễn,19/11/1990,0950706211,quycop543@gmail.com
2022656397,namquangmai63,Nam Quang Mai,22/01/1992,0966478192,hmday384@vnn.vn
2022651558,colamnguyen61,Cô Lâm Nguyễn,23/03/2002,0989468568,kute13@outlook.com
2022689142,hanhnguyen33,Hạnh Nguyễn,25/01/2005,0931820162,bsrgn451@yahoo.com
2022616335,chauvu50,Châu Vũ,12/05/1992,0964058327,shadow431@gmail.com
2022689087,chianpham47,Chị An Phạm,02/11/2001,0989117563,baby802@vnn.vn
2022670570,balamđang56,Bà Lâm Đặng,05/08/1999,0921043072,mftzu609@outlook.com
2022678771,quycovihoang43,Quý cô Vi Hoàng,03/11/1989,0976006448,iufqm951@gmail.com
2022689005,quangnguyen83,Quang Nguyễn,20/07/2001,0913694696,yfzjn991@vnn.vn
2022613880,quyongvule89,Quý ông Vũ Lê,06/04/1991,0947567061,ixbrh104@yahoo.com
2022626572,coyenvu50,Cô Yến Vũ,18/06/2000,0912775886,knight968@gmail.com
2022608469,kimtanpham53,Kim Tấn Phạm,02/01/1988,0988242635,phongba702@gmail.com
2022600333,anhhuyhoang86,Anh Huy Hoàng,06/07/1987,0914174046,upzlb297@yahoo.com
2022605807,lamvu60,Lâm Vũ,22/05/1985,0969760962,gahcf953@yahoo.com
2022670903,hungle34,Hưng Lê,25/11/1986,0913591031,hungle676@yahoo.com
2022652848,bacbaohoang29,Bác Bảo Hoàng,07/01/2007,0925870021,bacbao33@gmail.com
2022657581,lanđang96,Lan Đặng,27/06/2004,0990565949,lanđan827@yahoo.com
2022691467,hanhquangbui58,Hạnh Quang Bùi,13/01/2002,0953799945,hanhq656@outlook.com
2022695702,quyongvuđang28,Quý ông Vũ Đặng,12/04/1997,0964867291,qqblr952@yahoo.com
2022669528,thanhvanhoang33,Thành Văn Hoàng,01/06/2007,0964882391,than444@gmail.com
2022628810,quanghoangtran51,Quang Hoàng Trần,04/05/1989,0919706841,pro538@yahoo.com
2022688286,hanhhoang94,Hạnh Hoàng,20/11/1993,0957305281,boy712@outlook.com
2022657583,namduong79,Nam Dương,23/08/2002,0912567143,namdu485@gmail.com
2022612957,duonghoang20,Dương Hoàng,01/09/1996,0961076817,boy325@outlook.com
2022665593,trongđucnguyen76,Trọng Đức Nguyễn,18/03/1997,0910924338,hfnwd592@vnn.vn
2022674674,nhattheđang38,Nhật Thế Đặng,03/03/2008,0960523872,botmr352@yahoo.com
2022640847,nhattripham23,Nhật Trí Phạm,10/05/2001,0931195407,yrkrq770@yahoo.com
2022606892,vuhaibui76,Vũ Hải Bùi,21/06/1997,0930200484,celgn259@gmail.com
2022634477,hanguyen59,Hà Nguyễn,03/09/1996,0912943457,hanguy760@outlook.com
2022656516,baoduong41,Bảo Dương,25/09/1995,0968862108,baby237@outlook.com
2022687802,anhpham56,Anh Phạm,01/04/1985,0962157343,anhp904@outlook.com
2022619581,quycoanhhoang95,Quý cô Ánh Hoàng,17/04/1990,0944193834,quycoa721@gmail.com
2022653299,bactrungle83,Bác Trung Lê,13/04/1985,0938829058,fflpi209@outlook.com
2022643814,ongvuđang15,Ông Vũ Đặng,28/02/1991,0991855867,ongvuđa302@outlook.com
2022633951,quycobaole76,Quý cô Bảo Lê,06/10/1998,0951992081,quyc123@outlook.com
2022667112,khoađang16,Khoa Đặng,18/07/1987,0974479372,hacker193@outlook.com
2022615559,phuongtran93,Phương Trần,06/07/1998,0923410995,pro464@vnn.vn
2022687111,ngocduong36,Ngọc Dương,17/12/1987,0979647191,mjubj830@gmail.com
2022637618,chiviđang74,Chị Vi Đặng,13/07/1995,0919883513,chivi961@yahoo.com
2022664277,duyenvu78,Duyên Vũ,19/04/2001,0995715473,feika926@gmail.com
2022689746,habui85,Hà Bùi,14/12/2002,0977948108,habui62@yahoo.com
2022658905,bacdungđang92,Bác Dũng Đặng,26/01/1992,0939324009,hacker93@gmail.com
2022699950,kimtran35,Kim Trần,15/08/2000,0977063692,knight614@yahoo.com
2022627177,thanhtran92,Thành Trần,11/10/1990,0981621074,abcxyz250@yahoo.com
2022651636,chihuonghoang94,Chị Hương Hoàng,28/05/1992,0987204179,lideu239@yahoo.com
2022653056,nhathuubui91,Nhật Hữu Bùi,12/12/1992,0971648355,xyyvs703@gmail.com
2022608054,tungbui84,Tùng Bùi,21/11/1997,0959098579,boy182@vnn.vn
2022623725,quycolinhbui96,Quý cô Linh Bùi,02/04/2004,0974935041,dbaki250@outlook.com
2022665879,ongkhoatran77,Ông Khoa Trần,19/10/2004,0921049978,ongkhoa875@yahoo.com
2022649506,dungbaotran36,Dũng Bảo Trần,04/02/2000,0972841612,phongba692@gmail.com
2022676839,chaubui56,Châu Bùi,18/03/1988,0989539976,pro530@vnn.vn
2022604341,chimaimai88,Chị Mai Mai,19/09/1987,0935759247,shadow417@vnn.vn
2022672786,quycohaimai73,Quý cô Hải Mai,21/06/1996,0921923289,boy663@vnn.vn
2022619968,ongdungduong15,Ông Dũng Dương,25/12/1991,0991064317,amwwv390@outlook.com
2022627082,hoanghoang27,Hoàng Hoàng,09/03/1994,0932951624,oluyc428@gmail.com
2022668434,tungđucduong21,Tùng Đức Dương,18/10/2003,0917273003,hpsca167@yahoo.com
2022663686,quycoduongpham79,Quý cô Dương Phạm,01/06/1995,0966483596,knight876@vnn.vn
2022699053,tronghaitran97,Trọng Hải Trần,09/04/1995,0917658615,trongh782@outlook.com
2022698664,quycolannguyen71,Quý cô Lan Nguyễn,05/01/1997,0976112231,quyco827@outlook.com
2022696040,haile59,Hải Lê,02/07/1997,0916942566,haile540@outlook.com
2022643165,baovanduong20,Bảo Văn Dương,20/02/1992,0984092836,jshrs995@vnn.vn
2022638954,bahuongbui85,Bà Hương Bùi,15/02/2002,0995069949,xlzdg455@gmail.com
2022675024,cohongduong45,Cô Hồng Dương,20/08/1996,0970804593,cohongd458@gmail.com
2022676479,hathinguyen72,Hà Thị Nguyễn,13/06/1986,0960312895,hathing638@gmail.com
2022620842,maimai79,Mai Mai,13/01/2004,0955297996,pro824@vnn.vn
2022620289,haimaihoang10,Hải Mai Hoàng,06/11/2007,0974637674,abcxyz554@vnn.vn
2022611572,huyhoang93,Huy Hoàng,02/11/2008,0997705659,boy317@gmail.com
2022641708,quyconhatmai18,Quý cô Nhật Mai,16/11/1985,0937948291,hacker663@gmail.com
2022646731,chibaotran28,Chị Bảo Trần,01/04/1986,0977748146,chib397@vnn.vn
2022695560,ongnambui22,Ông Nam Bùi,06/12/1994,0980558957,baby567@vnn.vn
2022600293,cothanhduong19,Cô Thành Dương,12/03/1995,0931836167,riufy252@outlook.com
2022697939,yenhoang72,Yến Hoàng,19/09/2004,0910721917,vbcty981@gmail.com
2022671728,bacbaoduong29,Bác Bảo Dương,18/09/1988,0926374994,bacba241@yahoo.com
2022604324,anbaopham23,An Bảo Phạm,26/04/1989,0972966195,xasre980@outlook.com
2022683510,bacminhmai24,Bác Minh Mai,17/09/1986,0980066429,bacmin633@gmail.com
2022625854,quycochile95,Quý cô Chi Lê,08/02/1998,0961550505,langtu358@gmail.com
2022657048,haitanđang68,Hải Tấn Đặng,06/11/1988,0958871560,langtu74@outlook.com
2022600881,hungquanghoang10,Hưng Quang Hoàng,22/10/1999,0918544735,shadow248@outlook.com
2022616451,anhnamnguyen24,Anh Nam Nguyễn,05/12/1995,0964449001,anhn236@vnn.vn
2022648290,cophuongnguyen85,Cô Phương Nguyễn,22/10/2003,0925005302,owzqy894@gmail.com
2022644951,baduongtran23,Bà Dương Trần,25/09/1989,0946450826,boy837@gmail.com
2022691926,hapham45,Hà Phạm,05/01/2002,0914993433,hacker929@gmail.com
2022650674,hanhtripham50,Hạnh Trí Phạm,13/04/2005,0985040411,hanht619@yahoo.com
2022618566,bathaovu37,Bà Thảo Vũ,15/08/2007,0949359698,zrgzs231@outlook.com
2022685992,anhtungduong41,Anh Tùng Dương,20/02/1986,0914266052,phongba242@gmail.com
2022662802,tubaonguyen53,Tú Bảo Nguyễn,17/02/1987,0960115983,tuba413@gmail.com
2022658176,quycohainguyen10,Quý cô Hải Nguyễn,03/09/1985,0917377015,dwrkn182@vnn.vn
2022639244,thanhtrivu76,Thành Trí Vũ,24/03/1985,0950026492,gudpj213@vnn.vn
2022687648,anmai18,An Mai,21/04/1994,0974278222,anmai881@vnn.vn
2022682878,chivu35,Chi Vũ,10/07/1997,0919657399,boy839@gmail.com
2022641278,kimhoangpham69,Kim Hoàng Phạm,04/12/1991,0992702019,pklcp454@yahoo.com
2022656085,anhtuhoang87,Anh Tú Hoàng,13/04/2008,0990068419,anhtu939@outlook.com
2022640651,phuongle41,Phương Lê,20/08/1985,0943958984,qbhjc570@gmail.com
2022690404,minhmai61,Minh Mai,20/07/2007,0943875491,phongba943@vnn.vn
2022630488,thanhmaimai68,Thành Mai Mai,25/05/1994,0997730597,shadow796@gmail.com
2022667593,tunghoangpham60,Tùng Hoàng Phạm,11/09/2008,0921952553,tunghoa340@vnn.vn
2022625779,chithanhhoang23,Chị Thành Hoàng,26/05/1985,0931656875,baby718@yahoo.com
2022659947,kimpham76,Kim Phạm,08/09/1989,0963431413,kimp915@yahoo.com
2022698927,quycoyentran65,Quý cô Yến Trần,23/11/2007,0930744839,quycoye241@yahoo.com
2022615611,nhiennguyen28,Nhiên Nguyễn,08/01/2005,0945829396,nhien769@gmail.com
2022669131,trungđucmai92,Trung Đức Mai,26/01/1993,0920163356,boy154@outlook.com
2022666132,anhchauđang33,Anh Châu Đặng,09/01/2000,0970065129,abcxyz387@gmail.com
2022672130,hoangquangmai88,Hoàng Quang Mai,14/01/1989,0963481129,pro624@yahoo.com
2022682429,xuantran13,Xuân Trần,20/08/1988,0920134919,xuant37@gmail.com
2022676362,tungđang62,Tùng Đặng,09/03/2001,0945500825,puxhx506@gmail.com
2022676940,haiđang30,Hải Đặng,22/03/1987,0917570040,fddge686@vnn.vn
2022601163,quycobaole83,Quý cô Bảo Lê,08/03/1985,0929687820,epkyr588@outlook.com
2022608164,colantran56,Cô Lan Trần,04/03/1998,0910154722,knight307@outlook.com
2022614788,anhnhienbui36,Anh Nhiên Bùi,23/09/1995,0996229209,yuees616@gmail.com
2022675620,thanhhuuhoang86,Thành Hữu Hoàng,14/05/2007,0931511758,sttuq289@outlook.com
2022632115,tungle29,Tùng Lê,20/02/2000,0971163965,pro894@vnn.vn
2022628286,baophuduong81,Bảo Phú Dương,27/06/2007,0977581442,baoph766@outlook.com
2022667589,haiquangduong87,Hải Quang Dương,20/01/1986,0970970365,iwnwb562@yahoo.com
2022681263,yenpham48,Yến Phạm,26/10/2001,0923622473,bfbgi180@outlook.com
2022685947,hanhđucle59,Hạnh Đức Lê,01/11/2003,0947993818,pro963@outlook.com
2022610626,nhatbaomai32,Nhật Bảo Mai,11/04/1990,0941161075,nhatb694@vnn.vn
2022617960,hungtritran36,Hưng Trí Trần,10/01/2007,0941148498,hungtri760@outlook.com
2022688321,quycoxuanhoang25,Quý cô Xuân Hoàng,15/08/2007,0978616214,phongba56@gmail.com
2022601967,kimhoangduong23,Kim Hoàng Dương,19/11/2001,0992900029,wcgxy271@outlook.com
2022669545,chikimvu39,Chị Kim Vũ,05/01/2003,0999436483,chik300@outlook.com
2022611089,trongduong53,Trọng Dương,06/06/1987,0980727978,boy41@vnn.vn
2022658895,anbui48,An Bùi,17/04/1988,0994660075,hdadv213@yahoo.com
2022654784,khoathepham11,Khoa Thế Phạm,13/12/1990,0958520832,shadow99@outlook.com
2022607574,anhaiđang15,An Hải Đặng,18/08/1999,0916067214,baby976@outlook.com
2022674110,hanguyen38,Hà Nguyễn,03/04/1985,0930667348,nstbg826@outlook.com
2022664450,anpham44,An Phạm,21/01/1999,0926830374,baby773@outlook.com
2022626796,lamvu19,Lâm Vũ,18/03/2003,0925333328,lamvu307@gmail.com
2022657523,quycohavu79,Quý cô Hà Vũ,12/06/1993,0965550439,quycoh601@vnn.vn
2022686004,duyenvu39,Duyên Vũ,23/05/1997,0959898229,xongo935@gmail.com
2022611238,anhpham40,Ánh Phạm,01/07/1988,0935360544,anhph882@vnn.vn
2022635857,ngocduong29,Ngọc Dương,27/06/1993,0942618063,hqlpn495@yahoo.com
2022686121,dungmai24,Dũng Mai,19/10/1993,0930227274,epygg968@vnn.vn
2022694837,namduong45,Nam Dương,07/04/2004,0969049165,namduo707@outlook.com
2022680293,colanduong38,Cô Lan Dương,22/03/1986,0911730756,coland416@gmail.com
2022628205,cophuongpham49,Cô Phương Phạm,10/04/2002,0938629461,hacker620@gmail.com
2022693322,hahoanghoang35,Hà Hoàng Hoàng,14/08/2000,0981435449,hacker157@vnn.vn
2022635088,nhatđucbui31,Nhật Đức Bùi,17/11/1991,0950265093,nhatđuc358@vnn.vn
2022699614,hoangmai25,Hoàng Mai,25/08/1995,0930029183,gdzny321@yahoo.com
2022667010,chauxuanđang10,Châu Xuân Đặng,10/10/2008,0989265962,chauxua798@yahoo.com
2022630960,khoaduong49,Khoa Dương,19/07/1992,0978544649,khoaduo98@gmail.com
2022647162,quycohuongpham34,Quý cô Hương Phạm,18/10/1987,0914404917,quycoh879@gmail.com
2022664495,hanhduong59,Hạnh Dương,05/06/2000,0911591684,hanhd548@yahoo.com
2022614113,anhphucđang98,Anh Phúc Đặng,09/04/2008,0933498915,baby78@outlook.com
2022600437,hongle20,Hồng Lê,22/03/2004,0947580686,shadow74@outlook.com
2022617214,thanhhuubui43,Thành Hữu Bùi,18/07/1996,0978572611,baby103@vnn.vn
2022639635,cokimpham21,Cô Kim Phạm,20/04/2005,0981193552,cokimp819@outlook.com
2022646572,maimai27,Mai Mai,19/05/2000,0939927605,maima677@yahoo.com
2022648084,nhatmai29,Nhật Mai,25/04/2002,0986742739,phepz351@vnn.vn
2022646743,colanđang79,Cô Lan Đặng,16/08/1989,0912992612,knight26@gmail.com
2022652771,kimnguyen10,Kim Nguyễn,26/05/1998,0986586629,toqrt311@vnn.vn
2022604807,phuongvannguyen14,Phương Văn Nguyễn,20/01/1985,0968236985,doark482@outlook.com
2022621695,nhatnguyen34,Nhật Nguyễn,21/09/2001,0995834718,nhatn771@vnn.vn
2022648157,quangle17,Quang Lê,28/05/1988,0953085209,ccfjk765@vnn.vn
2022677059,baobui97,Bảo Bùi,07/05/1994,0979754254,rihuo373@gmail.com
2022610792,chingochoang34,Chị Ngọc Hoàng,17/07/2006,0977811813,langtu563@vnn.vn
2022667213,bathaomai38,Bà Thảo Mai,02/12/1987,0969018121,ciiod718@outlook.com
2022643279,onghuyvu80,Ông Huy Vũ,21/08/2000,0961715871,shadow759@yahoo.com
2022699136,onghungvu90,Ông Hưng Vũ,18/09/2007,0922056674,kute72@outlook.com
2022689759,baohaipham40,Bảo Hải Phạm,23/02/2008,0947200183,baohai317@gmail.com
2022648725,anxuantran12,An Xuân Trần,05/05/2003,0946551194,qwbwr878@gmail.com
2022638292,huongtran96,Hương Trần,07/09/1986,0979720943,boy621@gmail.com
2022639139,bahanguyen17,Bà Hà Nguyễn,09/10/2002,0943925018,bahangu853@yahoo.com
2022617894,chauduong73,Châu Dương,15/11/2004,0939440457,qiuhc997@outlook.com
2022605709,maimai87,Mai Mai,11/06/1997,0960691227,maim910@vnn.vn
2022630645,vimai55,Vi Mai,19/10/1991,0988535747,phongba394@vnn.vn
2022675230,phuongxuannguyen41,Phương Xuân Nguyễn,19/07/1986,0993173096,boy79@outlook.com
2022638623,khoabui30,Khoa Bùi,02/09/1989,0961210655,khoa714@gmail.com
2022685994,hoangle18,Hoàng Lê,20/01/1990,0960887660,yxsta271@gmail.com
2022688989,trongđucnguyen78,Trọng Đức Nguyễn,11/03/1992,0925923669,psnpf818@gmail.com
2022650776,kimtanđang15,Kim Tấn Đặng,10/01/2004,0966446875,rkhce400@outlook.com
2022605181,bactrungđang68,Bác Trung Đặng,01/06/1990,0996664528,boy567@outlook.com
2022606832,quycolanduong94,Quý cô Lan Dương,22/06/1986,0988765535,mjylk829@outlook.com
2022657534,linhle53,Linh Lê,02/01/2005,0982347008,uwugr911@outlook.com
2022676906,cohanhnguyen82,Cô Hạnh Nguyễn,13/12/2005,0932272045,baby888@yahoo.com
2022662722,conhatđang51,Cô Nhật Đặng,16/12/1993,0960493252,conhatđ918@gmail.com
2022613838,baonguyen54,Bảo Nguyễn,17/08/2007,0942580243,kute140@gmail.com
2022664880,hanhhoang25,Hạnh Hoàng,21/01/1991,0995993675,ucjqj452@vnn.vn
2022658110,chikhoaduong72,Chị Khoa Dương,06/09/2006,0952178340,fhjmp940@vnn.vn
2022629996,haimaibaovu87,Hải Mai Bảo Vũ,20/01/2005,0986909586,kute841@vnn.vn
2022672065,nhientantran75,Nhiên Tấn Trần,10/11/1985,0945723146,knight532@yahoo.com
2022696623,yenhoang84,Yến Hoàng,06/02/1985,0931428207,phongba33@gmail.com
2022669892,thanhduong78,Thành Dương,03/07/2005,0931546443,than152@outlook.com
2022637967,phucbui36,Phúc Bùi,22/03/1987,0941808405,kute705@yahoo.com
2022625020,duongle70,Dương Lê,07/01/1999,0918841116,lhlpr975@yahoo.com
2022650881,hanhxuanpham98,Hạnh Xuân Phạm,05/12/1989,0987722542,jcigt396@gmail.com
2022627204,duyenle18,Duyên Lê,01/09/1987,0937357599,pro683@gmail.com
2022679047,quyonghuymai40,Quý ông Huy Mai,17/02/1987,0947021975,quyongh774@yahoo.com
2022608999,hahoang82,Hà Hoàng,08/04/1995,0987679169,hahoa969@vnn.vn
2022666607,bacphucbui64,Bác Phúc Bùi,03/03/1993,0912777149,hacker208@vnn.vn
2022607935,quycoanđang63,Quý cô An Đặng,28/01/1997,0961011886,quyc301@yahoo.com
2022652646,cohanhbui21,Cô Hạnh Bùi,27/07/1989,0982480548,cohan391@gmail.com
2022656883,nhatphuhoang73,Nhật Phú Hoàng,25/09/2002,0994873491,hmlcm389@gmail.com
2022674313,hanhvanđang49,Hạnh Văn Đặng,22/02/2005,0944153232,boy424@outlook.com
2022687225,anhđang14,Ánh Đặng,05/07/1989,0992819177,anhđ335@gmail.com
2022644581,tuthetran30,Tú Thế Trần,17/07/2006,0951896410,tuthe527@vnn.vn
2022667022,chithanhle61,Chị Thành Lê,02/12/2004,0990990221,chit106@vnn.vn
2022633524,phuonghoang26,Phương Hoàng,02/07/2007,0933911920,ldchx928@gmail.com
2022642801,quycokimnguyen54,Quý cô Kim Nguyễn,12/07/2000,0958479097,zjhzz105@gmail.com
2022618840,thanhhuunguyen52,Thành Hữu Nguyễn,07/12/2000,0983077743,thanh576@yahoo.com
2022691151,chikimduong25,Chị Kim Dương,24/05/2002,0972703567,verea518@outlook.com
2022678218,anhuuđang80,An Hữu Đặng,08/06/1985,0948004448,hacker25@gmail.com
2022632141,phucvanhoang38,Phúc Văn Hoàng,04/04/2008,0926028513,phuc770@yahoo.com
2022646142,hanhtantran74,Hạnh Tấn Trần,27/07/1991,0913478457,hanht938@yahoo.com
2022603846,thanhnguyen63,Thành Nguyễn,02/05/2007,0971524976,thanhng788@vnn.vn
2022684953,quycoyennguyen75,Quý cô Yến Nguyễn,20/07/1996,0987949510,agtaw411@gmail.com
2022601031,ongnammai57,Ông Nam Mai,10/03/2003,0930851143,ongna414@yahoo.com
2022676487,anhnhienpham39,Anh Nhiên Phạm,11/10/2006,0913116930,otzsf478@outlook.com
2022662078,nhatduong54,Nhật Dương,12/04/2007,0936755750,nhatdu467@vnn.vn
2022632557,habaovu80,Hà Bảo Vũ,25/09/2007,0937469563,habao383@yahoo.com
2022692539,phucle57,Phúc Lê,10/03/2001,0917519487,hacker516@yahoo.com
2022675905,lamle28,Lâm Lê,17/02/1990,0912933867,slqgl530@yahoo.com
2022652834,khoathihoang46,Khoa Thị Hoàng,11/02/1986,0915525719,khoathi394@gmail.com
2022659095,nhatmaibaotran88,Nhật Mai Bảo Trần,28/07/2004,0989073493,nhatmai491@outlook.com
2022670722,kimđucle39,Kim Đức Lê,11/01/2008,0920562468,nqdgo102@yahoo.com
2022647509,hongđang95,Hồng Đặng,08/07/1993,0957592242,knight311@yahoo.com
2022690957,quyonghoanghoang99,Quý ông Hoàng Hoàng,15/04/2008,0941505964,aexru313@yahoo.com
2022616144,baohoangtran43,Bảo Hoàng Trần,22/10/1990,0957870907,cpvbx114@yahoo.com
2022636215,anhtrile61,Anh Trí Lê,23/02/1994,0995828486,vlols285@yahoo.com
2022628549,hongmai16,Hồng Mai,04/11/2000,0999187966,boy580@vnn.vn
2022638505,quycohaile79,Quý cô Hải Lê,28/12/2007,0922461754,quycoh28@vnn.vn
2022685978,bavanbui88,Bà Vân Bùi,14/05/2001,0934715788,bava878@yahoo.com
2022618557,colinhmai47,Cô Linh Mai,27/02/2002,0918656116,phongba547@yahoo.com
2022604664,bayenvu25,Bà Yến Vũ,24/06/2007,0956913337,moliw617@gmail.com
2022682968,nhatbaotran66,Nhật Bảo Trần,21/12/1986,0989718224,abcxyz203@gmail.com
2022678005,anhduong31,Ánh Dương,01/02/1992,0933970925,hfpdm702@outlook.com
2022634403,phucle17,Phúc Lê,16/08/1990,0990105553,phucle50@outlook.com
2022606526,onghungđang79,Ông Hưng Đặng,12/01/1989,0952319963,fvltw331@gmail.com
2022607253,xuannguyen18,Xuân Nguyễn,15/01/1987,0994015730,ozclf475@outlook.com
2022630849,nhatthebui21,Nhật Thế Bùi,10/04/2008,0966585994,nhat898@outlook.com
2022600116,vipham59,Vi Phạm,04/09/2008,0913995680,viph124@gmail.com
2022652550,quyongthanhle47,Quý ông Thành Lê,12/01/2002,0910668673,quyongt899@yahoo.com
2022674327,bachuynguyen96,Bác Huy Nguyễn,21/02/1990,0988030816,bachuyn684@gmail.com
2022609106,kimmaibaomai52,Kim Mai Bảo Mai,11/04/2001,0920569242,kimma649@gmail.com
2022654004,vanvu82,Vân Vũ,05/10/1994,0973736715,ovgsq635@gmail.com
2022649740,haiđang72,Hải Đặng,13/02/1988,0944811546,haiđa451@yahoo.com
2022667102,bachuyduong13,Bác Huy Dương,25/05/1992,0998386567,hacker735@vnn.vn
2022641453,vitran57,Vi Trần,22/02/1998,0985422001,hacker380@vnn.vn
2022631558,hanhvannguyen61,Hạnh Văn Nguyễn,08/02/1992,0910797817,lwons454@gmail.com
2022612270,hoangđang28,Hoàng Đặng,04/03/1990,0934981458,langtu906@outlook.com
2022667466,cokimmai25,Cô Kim Mai,04/05/2006,0936281256,cokim70@gmail.com
2022696149,quycothanhbui66,Quý cô Thành Bùi,21/01/2002,0939290003,hacker688@gmail.com
2022691427,trungnguyen54,Trung Nguyễn,11/12/1999,0927455644,trung786@gmail.com
2022679379,hunghoang86,Hưng Hoàng,03/12/1994,0972082193,phongba647@gmail.com
2022656571,quycovanduong14,Quý cô Vân Dương,07/11/1991,0981821965,stbjc336@outlook.com
2022678517,xuanpham39,Xuân Phạm,21/01/2007,0995475043,xuanp86@gmail.com
2022621215,cohanguyen33,Cô Hà Nguyễn,27/11/2005,0951817603,cohangu198@outlook.com
2022694118,kimnguyen71,Kim Nguyễn,09/07/1990,0993640685,kimng96@gmail.com
2022639176,thanhpham41,Thành Phạm,07/04/2007,0935587181,thanhph79@outlook.com
2022620345,hađang64,Hà Đặng,15/11/1987,0985375747,klhmq833@yahoo.com
2022656619,quyongtubui10,Quý ông Tú Bùi,22/04/1990,0936627820,abcxyz355@vnn.vn
2022685302,kimvanpham73,Kim Văn Phạm,13/07/1990,0996253107,daonc264@vnn.vn
2022645883,bacquangnguyen22,Bác Quang Nguyễn,18/04/1998,0970669755,ujahd371@yahoo.com
2022605024,lanmai86,Lan Mai,09/04/1992,0969287633,ufhlr407@outlook.com
2022696823,thanhmaibaonguyen38,Thành Mai Bảo Nguyễn,04/09/1999,0994528023,knight843@outlook.com
